clip_id,domain,event,morphology,source,system_id,track,orig_dataset,orig_id,dcase_subset,is_cc,instance_id,split,path,cond
fsd:dev:ALRM:100357,real,ALRM,tonal,fsd50k,real,real,fsd50k,100357,dev,1,105476126434547,train,fsd50k/FSD50K.dev_audio/100357.wav,real
fsd:dev:ALRM:100459,real,ALRM,tonal,fsd50k,real,real,fsd50k,100459,dev,1,280498079971523,train,fsd50k/FSD50K.dev_audio/100459.wav,real
el:ALRM:280498079971523,synth,ALRM,other,elevenlabs,elevenlabs,synth,generated,fsd:dev:ALRM:100459,gen,1,280498079971523,train,synth/el_pairs/ALRM/280498079971523.mp3,elevenlabs
fsd:dev:ALRM:100460,real,ALRM,tonal,fsd50k,real,real,fsd50k,100460,dev,1,241461908890464,train,fsd50k/FSD50K.dev_audio/100460.wav,real
el:ALRM:241461908890464,synth,ALRM,other,elevenlabs,elevenlabs,synth,generated,fsd:dev:ALRM:100460,gen,1,241461908890464,train,synth/el_pairs/ALRM/241461908890464.mp3,elevenlabs
fsd:dev:ALRM:100461,real,ALRM,tonal,fsd50k,real,real,fsd50k,100461,dev,1,162896881610090,train,fsd50k/FSD50K.dev_audio/100461.wav,real
el:ALRM:162896881610090,synth,ALRM,other,elevenlabs,elevenlabs,synth,generated,fsd:dev:ALRM:100461,gen,1,162896881610090,train,synth/el_pairs/ALRM/162896881610090.mp3,elevenlabs
fsd:dev:ALRM:100462,real,ALRM,tonal,fsd50k,real,real,fsd50k,100462,dev,1,144205901116362,train,fsd50k/FSD50K.dev_audio/100462.wav,real
el:ALRM:144205901116362,synth,ALRM,other,elevenlabs,elevenlabs,synth,generated,fsd:dev:ALRM:100462,gen,1,144205901116362,train,synth/el_pairs/ALRM/144205901116362.mp3,elevenlabs
fsd:dev:ALRM:103335,real,ALRM,tonal,fsd50k,real,real,fsd50k,103335,dev,1,106791626656484,train,fsd50k/FSD50K.dev_audio/103335.wav,real
el:ALRM:106791626656484,synth,ALRM,other,elevenlabs,elevenlabs,synth,generated,fsd:dev:ALRM:103335,gen,1,106791626656484,train,synth/el_pairs/ALRM/106791626656484.mp3,elevenlabs
fsd:dev:ALRM:104475,real,ALRM,tonal,fsd50k,real,real,fsd50k,104475,dev,1,53281738305594,train,fsd50k/FSD50K.dev_audio/104475.wav,real
el:ALRM:53281738305594,synth,ALRM,other,elevenlabs,elevenlabs,synth,generated,fsd:dev:ALRM:104475,gen,1,53281738305594,train,synth/el_pairs/ALRM/53281738305594.mp3,elevenlabs
fsd:dev:ALRM:104476,real,ALRM,tonal,fsd50k,real,real,fsd50k,104476,dev,1,189951402025951,train,fsd50k/FSD50K.dev_audio/104476.wav,real
el:ALRM:189951402025951,synth,ALRM,other,elevenlabs,elevenlabs,synth,generated,fsd:dev:ALRM:104476,gen,1,189951402025951,train,synth/el_pairs/ALRM/189951402025951.mp3,elevenlabs
fsd:dev:ALRM:106831,real,ALRM,tonal,fsd50k,real,real,fsd50k,106831,dev,1,71223249995964,train,fsd50k/FSD50K.dev_audio/106831.wav,real
el:ALRM:71223249995964,synth,ALRM,other,elevenlabs,elevenlabs,synth,generated,fsd:dev:ALRM:106831,gen,1,71223249995964,train,synth/el_pairs/ALRM/71223249995964.mp3,elevenlabs
fsd:dev:ALRM:110133,real,ALRM,tonal,fsd50k,real,real,fsd50k,110133,dev,1,191309044790994,train,fsd50k/FSD50K.dev_audio/110133.wav,real
el:ALRM:191309044790994,synth,ALRM,other,elevenlabs,elevenlabs,synth,generated,fsd:dev:ALRM:110133,gen,1,191309044790994,train,synth/el_pairs/ALRM/191309044790994.mp3,elevenlabs
fsd:dev:ALRM:110692,real,ALRM,tonal,fsd50k,real,real,fsd50k,110692,dev,1,251454165775798,train,fsd50k/FSD50K.dev_audio/110692.wav,real
el:ALRM:251454165775798,synth,ALRM,other,elevenlabs,elevenlabs,synth,generated,fsd:dev:ALRM:110692,gen,1,251454165775798,train,synth/el_pairs/ALRM/251454165775798.mp3,elevenlabs
fsd:dev:ALRM:111707,real,ALRM,tonal,fsd50k,real,real,fsd50k,111707,dev,1,108702842571304,train,fsd50k/FSD50K.dev_audio/111707.wav,real
el:ALRM:108702842571304,synth,ALRM,other,elevenlabs,elevenlabs,synth,generated,fsd:dev:ALRM:111707,gen,1,108702842571304,train,synth/el_pairs/ALRM/108702842571304.mp3,elevenlabs
fsd:dev:ALRM:117793,real,ALRM,tonal,fsd50k,real,real,fsd50k,117793,dev,1,41344523353908,train,fsd50k/FSD50K.dev_audio/117793.wav,real
el:ALRM:41344523353908,synth,ALRM,other,elevenlabs,elevenlabs,synth,generated,fsd:dev:ALRM:117793,gen,1,41344523353908,train,synth/el_pairs/ALRM/41344523353908.mp3,elevenlabs
fsd:dev:ALRM:124734,real,ALRM,tonal,fsd50k,real,real,fsd50k,124734,dev,1,192016714731405,train,fsd50k/FSD50K.dev_audio/124734.wav,real
el:ALRM:192016714731405,synth,ALRM,other,elevenlabs,elevenlabs,synth,generated,fsd:dev:ALRM:124734,gen,1,192016714731405,train,synth/el_pairs/ALRM/192016714731405.mp3,elevenlabs
fsd:dev:ALRM:125102,real,ALRM,tonal,fsd50k,real,real,fsd50k,125102,dev,1,27895583452952,train,fsd50k/FSD50K.dev_audio/125102.wav,real
el:ALRM:27895583452952,synth,ALRM,other,elevenlabs,elevenlabs,synth,generated,fsd:dev:ALRM:125102,gen,1,27895583452952,train,synth/el_pairs/ALRM/27895583452952.mp3,elevenlabs
fsd:dev:ALRM:126519,real,ALRM,tonal,fsd50k,real,real,fsd50k,126519,dev,1,44078410245276,train,fsd50k/FSD50K.dev_audio/126519.wav,real
el:ALRM:44078410245276,synth,ALRM,other,elevenlabs,elevenlabs,synth,generated,fsd:dev:ALRM:126519,gen,1,44078410245276,train,synth/el_pairs/ALRM/44078410245276.mp3,elevenlabs
fsd:dev:ALRM:126559,real,ALRM,tonal,fsd50k,real,real,fsd50k,126559,dev,1,131147550372401,train,fsd50k/FSD50K.dev_audio/126559.wav,real
el:ALRM:131147550372401,synth,ALRM,other,elevenlabs,elevenlabs,synth,generated,fsd:dev:ALRM:126559,gen,1,131147550372401,train,synth/el_pairs/ALRM/131147550372401.mp3,elevenlabs
fsd:dev:ALRM:126560,real,ALRM,tonal,fsd50k,real,real,fsd50k,126560,dev,1,152033934479329,train,fsd50k/FSD50K.dev_audio/126560.wav,real
el:ALRM:152033934479329,synth,ALRM,other,elevenlabs,elevenlabs,synth,generated,fsd:dev:ALRM:126560,gen,1,152033934479329,train,synth/el_pairs/ALRM/152033934479329.mp3,elevenlabs
fsd:dev:ALRM:126561,real,ALRM,tonal,fsd50k,real,real,fsd50k,126561,dev,1,239558801741624,train,fsd50k/FSD50K.dev_audio/126561.wav,real
el:ALRM:239558801741624,synth,ALRM,other,elevenlabs,elevenlabs,synth,generated,fsd:dev:ALRM:126561,gen,1,239558801741624,train,synth/el_pairs/ALRM/239558801741624.mp3,elevenlabs
fsd:dev:ALRM:128021,real,ALRM,tonal,fsd50k,real,real,fsd50k,128021,dev,1,275560453606140,train,fsd50k/FSD50K.dev_audio/128021.wav,real
el:ALRM:275560453606140,synth,ALRM,other,elevenlabs,elevenlabs,synth,generated,fsd:dev:ALRM:128021,gen,1,275560453606140,train,synth/el_pairs/ALRM/275560453606140.mp3,elevenlabs
fsd:dev:AMB:101239,real,AMB,ambience,fsd50k,real,real,fsd50k,101239,dev,1,88198502846665,train,fsd50k/FSD50K.dev_audio/101239.wav,real
el:AMB:88198502846665,synth,AMB,other,elevenlabs,elevenlabs,synth,generated,fsd:dev:AMB:101239,gen,1,88198502846665,train,synth/el_pairs/AMB/88198502846665.mp3,elevenlabs
fsd:dev:AMB:101241,real,AMB,ambience,fsd50k,real,real,fsd50k,101241,dev,1,30128738447867,train,fsd50k/FSD50K.dev_audio/101241.wav,real
el:AMB:30128738447867,synth,AMB,other,elevenlabs,elevenlabs,synth,generated,fsd:dev:AMB:101241,gen,1,30128738447867,train,synth/el_pairs/AMB/30128738447867.mp3,elevenlabs
fsd:dev:AMB:101242,real,AMB,ambience,fsd50k,real,real,fsd50k,101242,dev,1,272913158403931,train,fsd50k/FSD50K.dev_audio/101242.wav,real
el:AMB:272913158403931,synth,AMB,other,elevenlabs,elevenlabs,synth,generated,fsd:dev:AMB:101242,gen,1,272913158403931,train,synth/el_pairs/AMB/272913158403931.mp3,elevenlabs
fsd:dev:AMB:101243,real,AMB,ambience,fsd50k,real,real,fsd50k,101243,dev,1,13180309641989,train,fsd50k/FSD50K.dev_audio/101243.wav,real
el:AMB:13180309641989,synth,AMB,other,elevenlabs,elevenlabs,synth,generated,fsd:dev:AMB:101243,gen,1,13180309641989,train,synth/el_pairs/AMB/13180309641989.mp3,elevenlabs
fsd:dev:AMB:101244,real,AMB,ambience,fsd50k,real,real,fsd50k,101244,dev,1,11395840805433,train,fsd50k/FSD50K.dev_audio/101244.wav,real
el:AMB:11395840805433,synth,AMB,other,elevenlabs,elevenlabs,synth,generated,fsd:dev:AMB:101244,gen,1,11395840805433,train,synth/el_pairs/AMB/11395840805433.mp3,elevenlabs
fsd:dev:AMB:101868,real,AMB,ambience,fsd50k,real,real,fsd50k,101868,dev,1,202407283779407,train,fsd50k/FSD50K.dev_audio/101868.wav,real
el:AMB:202407283779407,synth,AMB,other,elevenlabs,elevenlabs,synth,generated,fsd:dev:AMB:101868,gen,1,202407283779407,train,synth/el_pairs/AMB/202407283779407.mp3,elevenlabs
fsd:dev:AMB:103185,real,AMB,ambience,fsd50k,real,real,fsd50k,103185,dev,1,8455662046130,train,fsd50k/FSD50K.dev_audio/103185.wav,real
el:AMB:8455662046130,synth,AMB,other,elevenlabs,elevenlabs,synth,generated,fsd:dev:AMB:103185,gen,1,8455662046130,train,synth/el_pairs/AMB/8455662046130.mp3,elevenlabs
fsd:dev:AMB:110854,real,AMB,ambience,fsd50k,real,real,fsd50k,110854,dev,1,198632447750052,train,fsd50k/FSD50K.dev_audio/110854.wav,real
el:AMB:198632447750052,synth,AMB,other,elevenlabs,elevenlabs,synth,generated,fsd:dev:AMB:110854,gen,1,198632447750052,train,synth/el_pairs/AMB/198632447750052.mp3,elevenlabs
fsd:dev:AMB:116220,real,AMB,ambience,fsd50k,real,real,fsd50k,116220,dev,1,151833243051655,train,fsd50k/FSD50K.dev_audio/116220.wav,real
el:AMB:151833243051655,synth,AMB,other,elevenlabs,elevenlabs,synth,generated,fsd:dev:AMB:116220,gen,1,151833243051655,train,synth/el_pairs/AMB/151833243051655.mp3,elevenlabs
fsd:dev:AMB:121287,real,AMB,ambience,fsd50k,real,real,fsd50k,121287,dev,1,101754111855935,train,fsd50k/FSD50K.dev_audio/121287.wav,real
el:AMB:101754111855935,synth,AMB,other,elevenlabs,elevenlabs,synth,generated,fsd:dev:AMB:121287,gen,1,101754111855935,train,synth/el_pairs/AMB/101754111855935.mp3,elevenlabs
fsd:dev:AMB:138465,real,AMB,ambience,fsd50k,real,real,fsd50k,138465,dev,1,113218774451377,val,fsd50k/FSD50K.dev_audio/138465.wav,real
el:AMB:113218774451377,synth,AMB,other,elevenlabs,elevenlabs,synth,generated,fsd:dev:AMB:138465,gen,1,113218774451377,val,synth/el_pairs/AMB/113218774451377.mp3,elevenlabs
fsd:dev:AMB:151359,real,AMB,ambience,fsd50k,real,real,fsd50k,151359,dev,1,81566557120067,val,fsd50k/FSD50K.dev_audio/151359.wav,real
el:AMB:81566557120067,synth,AMB,other,elevenlabs,elevenlabs,synth,generated,fsd:dev:AMB:151359,gen,1,81566557120067,val,synth/el_pairs/AMB/81566557120067.mp3,elevenlabs
fsd:dev:AMB:156195,real,AMB,ambience,fsd50k,real,real,fsd50k,156195,dev,1,145907898578532,train,fsd50k/FSD50K.dev_audio/156195.wav,real
el:AMB:145907898578532,synth,AMB,other,elevenlabs,elevenlabs,synth,generated,fsd:dev:AMB:156195,gen,1,145907898578532,train,synth/el_pairs/AMB/145907898578532.mp3,elevenlabs
fsd:dev:AMB:160684,real,AMB,ambience,fsd50k,real,real,fsd50k,160684,dev,1,256443398543218,train,fsd50k/FSD50K.dev_audio/160684.wav,real
el:AMB:256443398543218,synth,AMB,other,elevenlabs,elevenlabs,synth,generated,fsd:dev:AMB:160684,gen,1,256443398543218,train,synth/el_pairs/AMB/256443398543218.mp3,elevenlabs
fsd:dev:AMB:161238,real,AMB,ambience,fsd50k,real,real,fsd50k,161238,dev,1,216497644825263,train,fsd50k/FSD50K.dev_audio/161238.wav,real
el:AMB:216497644825263,synth,AMB,other,elevenlabs,elevenlabs,synth,generated,fsd:dev:AMB:161238,gen,1,216497644825263,train,synth/el_pairs/AMB/216497644825263.mp3,elevenlabs
fsd:dev:AMB:162726,real,AMB,ambience,fsd50k,real,real,fsd50k,162726,dev,1,226459930345683,train,fsd50k/FSD50K.dev_audio/162726.wav,real
el:AMB:226459930345683,synth,AMB,other,elevenlabs,elevenlabs,synth,generated,fsd:dev:AMB:162726,gen,1,226459930345683,train,synth/el_pairs/AMB/226459930345683.mp3,elevenlabs
fsd:dev:AMB:170955,real,AMB,ambience,fsd50k,real,real,fsd50k,170955,dev,1,166977493854717,train,fsd50k/FSD50K.dev_audio/170955.wav,real
el:AMB:166977493854717,synth,AMB,other,elevenlabs,elevenlabs,synth,generated,fsd:dev:AMB:170955,gen,1,166977493854717,train,synth/el_pairs/AMB/166977493854717.mp3,elevenlabs
fsd:dev:AMB:175842,real,AMB,ambience,fsd50k,real,real,fsd50k,175842,dev,1,62394721203717,train,fsd50k/FSD50K.dev_audio/175842.wav,real
el:AMB:62394721203717,synth,AMB,other,elevenlabs,elevenlabs,synth,generated,fsd:dev:AMB:175842,gen,1,62394721203717,train,synth/el_pairs/AMB/62394721203717.mp3,elevenlabs
fsd:dev:AMB:175845,real,AMB,ambience,fsd50k,real,real,fsd50k,175845,dev,1,250260468773789,train,fsd50k/FSD50K.dev_audio/175845.wav,real
el:AMB:250260468773789,synth,AMB,other,elevenlabs,elevenlabs,synth,generated,fsd:dev:AMB:175845,gen,1,250260468773789,train,synth/el_pairs/AMB/250260468773789.mp3,elevenlabs
fsd:dev:AMB:175848,real,AMB,ambience,fsd50k,real,real,fsd50k,175848,dev,1,124863433392562,train,fsd50k/FSD50K.dev_audio/175848.wav,real
el:AMB:124863433392562,synth,AMB,other,elevenlabs,elevenlabs,synth,generated,fsd:dev:AMB:175848,gen,1,124863433392562,train,synth/el_pairs/AMB/124863433392562.mp3,elevenlabs
fsd:dev:ANML:100767,real,ANML,vocal,fsd50k,real,real,fsd50k,100767,dev,1,21596779500550,train,fsd50k/FSD50K.dev_audio/100767.wav,real
el:ANML:21596779500550,synth,ANML,other,elevenlabs,elevenlabs,synth,generated,fsd:dev:ANML:100767,gen,1,21596779500550,train,synth/el_pairs/ANML/21596779500550.mp3,elevenlabs
fsd:dev:ANML:102561,real,ANML,vocal,fsd50k,real,real,fsd50k,102561,dev,1,80660099139425,val,fsd50k/FSD50K.dev_audio/102561.wav,real
el:ANML:80660099139425,synth,ANML,other,elevenlabs,elevenlabs,synth,generated,fsd:dev:ANML:102561,gen,1,80660099139425,val,synth/el_pairs/ANML/80660099139425.mp3,elevenlabs
fsd:dev:ANML:103045,real,ANML,vocal,fsd50k,real,real,fsd50k,103045,dev,1,280331243100140,train,fsd50k/FSD50K.dev_audio/103045.wav,real
el:ANML:280331243100140,synth,ANML,other,elevenlabs,elevenlabs,synth,generated,fsd:dev:ANML:103045,gen,1,280331243100140,train,synth/el_pairs/ANML/280331243100140.mp3,elevenlabs
fsd:dev:ANML:103125,real,ANML,vocal,fsd50k,real,real,fsd50k,103125,dev,1,138838312891599,train,fsd50k/FSD50K.dev_audio/103125.wav,real
el:ANML:138838312891599,synth,ANML,other,elevenlabs,elevenlabs,synth,generated,fsd:dev:ANML:103125,gen,1,138838312891599,train,synth/el_pairs/ANML/138838312891599.mp3,elevenlabs
fsd:dev:ANML:161303,real,ANML,vocal,fsd50k,real,real,fsd50k,161303,dev,1,147358961667345,train,fsd50k/FSD50K.dev_audio/161303.wav,real
el:ANML:147358961667345,synth,ANML,other,elevenlabs,elevenlabs,synth,generated,fsd:dev:ANML:161303,gen,1,147358961667345,train,synth/el_pairs/ANML/147358961667345.mp3,elevenlabs
fsd:dev:ANML:164311,real,ANML,vocal,fsd50k,real,real,fsd50k,164311,dev,1,125801961034145,train,fsd50k/FSD50K.dev_audio/164311.wav,real
el:ANML:125801961034145,synth,ANML,other,elevenlabs,elevenlabs,synth,generated,fsd:dev:ANML:164311,gen,1,125801961034145,train,synth/el_pairs/ANML/125801961034145.mp3,elevenlabs
fsd:dev:ANML:20062,real,ANML,vocal,fsd50k,real,real,fsd50k,20062,dev,1,129408792423624,train,fsd50k/FSD50K.dev_audio/20062.wav,real
el:ANML:129408792423624,synth,ANML,other,elevenlabs,elevenlabs,synth,generated,fsd:dev:ANML:20062,gen,1,129408792423624,train,synth/el_pairs/ANML/129408792423624.mp3,elevenlabs
fsd:dev:ANML:201613,real,ANML,vocal,fsd50k,real,real,fsd50k,201613,dev,1,243870465862439,train,fsd50k/FSD50K.dev_audio/201613.wav,real
el:ANML:243870465862439,synth,ANML,other,elevenlabs,elevenlabs,synth,generated,fsd:dev:ANML:201613,gen,1,243870465862439,train,synth/el_pairs/ANML/243870465862439.mp3,elevenlabs
fsd:dev:ANML:217767,real,ANML,vocal,fsd50k,real,real,fsd50k,217767,dev,1,135780137933414,train,fsd50k/FSD50K.dev_audio/217767.wav,real
el:ANML:135780137933414,synth,ANML,other,elevenlabs,elevenlabs,synth,generated,fsd:dev:ANML:217767,gen,1,135780137933414,train,synth/el_pairs/ANML/135780137933414.mp3,elevenlabs
fsd:dev:ANML:233783,real,ANML,vocal,fsd50k,real,real,fsd50k,233783,dev,1,188552684890414,train,fsd50k/FSD50K.dev_audio/233783.wav,real
el:ANML:188552684890414,synth,ANML,other,elevenlabs,elevenlabs,synth,generated,fsd:dev:ANML:233783,gen,1,188552684890414,train,synth/el_pairs/ANML/188552684890414.mp3,elevenlabs
fsd:dev:ANML:233784,real,ANML,vocal,fsd50k,real,real,fsd50k,233784,dev,1,158556647792635,train,fsd50k/FSD50K.dev_audio/233784.wav,real
el:ANML:158556647792635,synth,ANML,other,elevenlabs,elevenlabs,synth,generated,fsd:dev:ANML:233784,gen,1,158556647792635,train,synth/el_pairs/ANML/158556647792635.mp3,elevenlabs
fsd:dev:ANML:233785,real,ANML,vocal,fsd50k,real,real,fsd50k,233785,dev,1,158511136859746,train,fsd50k/FSD50K.dev_audio/233785.wav,real
el:ANML:158511136859746,synth,ANML,other,elevenlabs,elevenlabs,synth,generated,fsd:dev:ANML:233785,gen,1,158511136859746,train,synth/el_pairs/ANML/158511136859746.mp3,elevenlabs
fsd:dev:ANML:233786,real,ANML,vocal,fsd50k,real,real,fsd50k,233786,dev,1,165651881269548,train,fsd50k/FSD50K.dev_audio/233786.wav,real
el:ANML:165651881269548,synth,ANML,other,elevenlabs,elevenlabs,synth,generated,fsd:dev:ANML:233786,gen,1,165651881269548,train,synth/el_pairs/ANML/165651881269548.mp3,elevenlabs
fsd:dev:ANML:235864,real,ANML,vocal,fsd50k,real,real,fsd50k,235864,dev,1,29808180597487,train,fsd50k/FSD50K.dev_audio/235864.wav,real
el:ANML:29808180597487,synth,ANML,other,elevenlabs,elevenlabs,synth,generated,fsd:dev:ANML:235864,gen,1,29808180597487,train,synth/el_pairs/ANML/29808180597487.mp3,elevenlabs
fsd:dev:ANML:235865,real,ANML,vocal,fsd50k,real,real,fsd50k,235865,dev,1,240177629924149,train,fsd50k/FSD50K.dev_audio/235865.wav,real
el:ANML:240177629924149,synth,ANML,other,elevenlabs,elevenlabs,synth,generated,fsd:dev:ANML:235865,gen,1,240177629924149,train,synth/el_pairs/ANML/240177629924149.mp3,elevenlabs
fsd:dev:ANML:235867,real,ANML,vocal,fsd50k,real,real,fsd50k,235867,dev,1,168876244255812,train,fsd50k/FSD50K.dev_audio/235867.wav,real
el:ANML:168876244255812,synth,ANML,other,elevenlabs,elevenlabs,synth,generated,fsd:dev:ANML:235867,gen,1,168876244255812,train,synth/el_pairs/ANML/168876244255812.mp3,elevenlabs
fsd:dev:ANML:235869,real,ANML,vocal,fsd50k,real,real,fsd50k,235869,dev,1,235159551807394,train,fsd50k/FSD50K.dev_audio/235869.wav,real
el:ANML:235159551807394,synth,ANML,other,elevenlabs,elevenlabs,synth,generated,fsd:dev:ANML:235869,gen,1,235159551807394,train,synth/el_pairs/ANML/235159551807394.mp3,elevenlabs
fsd:dev:ANML:235871,real,ANML,vocal,fsd50k,real,real,fsd50k,235871,dev,1,42370887995268,train,fsd50k/FSD50K.dev_audio/235871.wav,real
el:ANML:42370887995268,synth,ANML,other,elevenlabs,elevenlabs,synth,generated,fsd:dev:ANML:235871,gen,1,42370887995268,train,synth/el_pairs/ANML/42370887995268.mp3,elevenlabs
fsd:dev:ANML:235872,real,ANML,vocal,fsd50k,real,real,fsd50k,235872,dev,1,54469495152074,train,fsd50k/FSD50K.dev_audio/235872.wav,real
el:ANML:54469495152074,synth,ANML,other,elevenlabs,elevenlabs,synth,generated,fsd:dev:ANML:235872,gen,1,54469495152074,train,synth/el_pairs/ANML/54469495152074.mp3,elevenlabs
fsd:dev:ANML:235875,real,ANML,vocal,fsd50k,real,real,fsd50k,235875,dev,1,223433202399277,train,fsd50k/FSD50K.dev_audio/235875.wav,real
fsd:dev:BELL:10430,real,BELL,tonal,fsd50k,real,real,fsd50k,10430,dev,1,45717793618575,train,fsd50k/FSD50K.dev_audio/10430.wav,real
el:BELL:45717793618575,synth,BELL,other,elevenlabs,elevenlabs,synth,generated,fsd:dev:BELL:10430,gen,1,45717793618575,train,synth/el_pairs/BELL/45717793618575.mp3,elevenlabs
fsd:dev:BELL:10431,real,BELL,tonal,fsd50k,real,real,fsd50k,10431,dev,1,172624301831305,train,fsd50k/FSD50K.dev_audio/10431.wav,real
el:BELL:172624301831305,synth,BELL,other,elevenlabs,elevenlabs,synth,generated,fsd:dev:BELL:10431,gen,1,172624301831305,train,synth/el_pairs/BELL/172624301831305.mp3,elevenlabs
fsd:dev:BELL:10433,real,BELL,tonal,fsd50k,real,real,fsd50k,10433,dev,1,226061688159353,train,fsd50k/FSD50K.dev_audio/10433.wav,real
el:BELL:226061688159353,synth,BELL,other,elevenlabs,elevenlabs,synth,generated,fsd:dev:BELL:10433,gen,1,226061688159353,train,synth/el_pairs/BELL/226061688159353.mp3,elevenlabs
fsd:dev:BELL:10434,real,BELL,tonal,fsd50k,real,real,fsd50k,10434,dev,1,36277714671657,train,fsd50k/FSD50K.dev_audio/10434.wav,real
el:BELL:36277714671657,synth,BELL,other,elevenlabs,elevenlabs,synth,generated,fsd:dev:BELL:10434,gen,1,36277714671657,train,synth/el_pairs/BELL/36277714671657.mp3,elevenlabs
fsd:dev:BELL:10437,real,BELL,tonal,fsd50k,real,real,fsd50k,10437,dev,1,146884320793610,train,fsd50k/FSD50K.dev_audio/10437.wav,real
el:BELL:146884320793610,synth,BELL,other,elevenlabs,elevenlabs,synth,generated,fsd:dev:BELL:10437,gen,1,146884320793610,train,synth/el_pairs/BELL/146884320793610.mp3,elevenlabs
fsd:dev:BELL:10439,real,BELL,tonal,fsd50k,real,real,fsd50k,10439,dev,1,244755995041118,train,fsd50k/FSD50K.dev_audio/10439.wav,real
el:BELL:244755995041118,synth,BELL,other,elevenlabs,elevenlabs,synth,generated,fsd:dev:BELL:10439,gen,1,244755995041118,train,synth/el_pairs/BELL/244755995041118.mp3,elevenlabs
fsd:dev:BELL:10440,real,BELL,tonal,fsd50k,real,real,fsd50k,10440,dev,1,226193508449527,train,fsd50k/FSD50K.dev_audio/10440.wav,real
el:BELL:226193508449527,synth,BELL,other,elevenlabs,elevenlabs,synth,generated,fsd:dev:BELL:10440,gen,1,226193508449527,train,synth/el_pairs/BELL/226193508449527.mp3,elevenlabs
fsd:dev:BELL:10441,real,BELL,tonal,fsd50k,real,real,fsd50k,10441,dev,1,48577916346556,train,fsd50k/FSD50K.dev_audio/10441.wav,real
el:BELL:48577916346556,synth,BELL,other,elevenlabs,elevenlabs,synth,generated,fsd:dev:BELL:10441,gen,1,48577916346556,train,synth/el_pairs/BELL/48577916346556.mp3,elevenlabs
fsd:dev:BELL:10442,real,BELL,tonal,fsd50k,real,real,fsd50k,10442,dev,1,55505222959925,train,fsd50k/FSD50K.dev_audio/10442.wav,real
el:BELL:55505222959925,synth,BELL,other,elevenlabs,elevenlabs,synth,generated,fsd:dev:BELL:10442,gen,1,55505222959925,train,synth/el_pairs/BELL/55505222959925.mp3,elevenlabs
fsd:dev:BELL:10446,real,BELL,tonal,fsd50k,real,real,fsd50k,10446,dev,1,117335326903905,train,fsd50k/FSD50K.dev_audio/10446.wav,real
el:BELL:117335326903905,synth,BELL,other,elevenlabs,elevenlabs,synth,generated,fsd:dev:BELL:10446,gen,1,117335326903905,train,synth/el_pairs/BELL/117335326903905.mp3,elevenlabs
fsd:dev:BELL:10449,real,BELL,tonal,fsd50k,real,real,fsd50k,10449,dev,1,266115371484517,train,fsd50k/FSD50K.dev_audio/10449.wav,real
el:BELL:266115371484517,synth,BELL,other,elevenlabs,elevenlabs,synth,generated,fsd:dev:BELL:10449,gen,1,266115371484517,train,synth/el_pairs/BELL/266115371484517.mp3,elevenlabs
fsd:dev:BELL:10450,real,BELL,tonal,fsd50k,real,real,fsd50k,10450,dev,1,169342304691642,train,fsd50k/FSD50K.dev_audio/10450.wav,real
el:BELL:169342304691642,synth,BELL,other,elevenlabs,elevenlabs,synth,generated,fsd:dev:BELL:10450,gen,1,169342304691642,train,synth/el_pairs/BELL/169342304691642.mp3,elevenlabs
fsd:dev:BELL:10453,real,BELL,tonal,fsd50k,real,real,fsd50k,10453,dev,1,213100782915926,train,fsd50k/FSD50K.dev_audio/10453.wav,real
el:BELL:213100782915926,synth,BELL,other,elevenlabs,elevenlabs,synth,generated,fsd:dev:BELL:10453,gen,1,213100782915926,train,synth/el_pairs/BELL/213100782915926.mp3,elevenlabs
fsd:dev:BELL:10454,real,BELL,tonal,fsd50k,real,real,fsd50k,10454,dev,1,92023511125521,train,fsd50k/FSD50K.dev_audio/10454.wav,real
el:BELL:92023511125521,synth,BELL,other,elevenlabs,elevenlabs,synth,generated,fsd:dev:BELL:10454,gen,1,92023511125521,train,synth/el_pairs/BELL/92023511125521.mp3,elevenlabs
fsd:dev:BELL:10455,real,BELL,tonal,fsd50k,real,real,fsd50k,10455,dev,1,167365989023815,train,fsd50k/FSD50K.dev_audio/10455.wav,real
el:BELL:167365989023815,synth,BELL,other,elevenlabs,elevenlabs,synth,generated,fsd:dev:BELL:10455,gen,1,167365989023815,train,synth/el_pairs/BELL/167365989023815.mp3,elevenlabs
fsd:dev:BELL:10457,real,BELL,tonal,fsd50k,real,real,fsd50k,10457,dev,1,134820701102550,train,fsd50k/FSD50K.dev_audio/10457.wav,real
el:BELL:134820701102550,synth,BELL,other,elevenlabs,elevenlabs,synth,generated,fsd:dev:BELL:10457,gen,1,134820701102550,train,synth/el_pairs/BELL/134820701102550.mp3,elevenlabs
fsd:dev:BELL:10461,real,BELL,tonal,fsd50k,real,real,fsd50k,10461,dev,1,166501623504904,train,fsd50k/FSD50K.dev_audio/10461.wav,real
el:BELL:166501623504904,synth,BELL,other,elevenlabs,elevenlabs,synth,generated,fsd:dev:BELL:10461,gen,1,166501623504904,train,synth/el_pairs/BELL/166501623504904.mp3,elevenlabs
fsd:dev:BELL:10462,real,BELL,tonal,fsd50k,real,real,fsd50k,10462,dev,1,4653060034681,train,fsd50k/FSD50K.dev_audio/10462.wav,real
el:BELL:4653060034681,synth,BELL,other,elevenlabs,elevenlabs,synth,generated,fsd:dev:BELL:10462,gen,1,4653060034681,train,synth/el_pairs/BELL/4653060034681.mp3,elevenlabs
fsd:dev:BELL:10464,real,BELL,tonal,fsd50k,real,real,fsd50k,10464,dev,1,247061236117201,train,fsd50k/FSD50K.dev_audio/10464.wav,real
el:BELL:247061236117201,synth,BELL,other,elevenlabs,elevenlabs,synth,generated,fsd:dev:BELL:10464,gen,1,247061236117201,train,synth/el_pairs/BELL/247061236117201.mp3,elevenlabs
fsd:dev:BELL:10712,real,BELL,tonal,fsd50k,real,real,fsd50k,10712,dev,1,191215230262583,train,fsd50k/FSD50K.dev_audio/10712.wav,real
el:BELL:191215230262583,synth,BELL,other,elevenlabs,elevenlabs,synth,generated,fsd:dev:BELL:10712,gen,1,191215230262583,train,synth/el_pairs/BELL/191215230262583.mp3,elevenlabs
fsd:dev:BIRD:100800,real,BIRD,vocal,fsd50k,real,real,fsd50k,100800,dev,1,89179359345239,train,fsd50k/FSD50K.dev_audio/100800.wav,real
el:BIRD:89179359345239,synth,BIRD,other,elevenlabs,elevenlabs,synth,generated,fsd:dev:BIRD:100800,gen,1,89179359345239,train,synth/el_pairs/BIRD/89179359345239.mp3,elevenlabs
fsd:dev:BIRD:101453,real,BIRD,vocal,fsd50k,real,real,fsd50k,101453,dev,1,89591650000053,train,fsd50k/FSD50K.dev_audio/101453.wav,real
el:BIRD:89591650000053,synth,BIRD,other,elevenlabs,elevenlabs,synth,generated,fsd:dev:BIRD:101453,gen,1,89591650000053,train,synth/el_pairs/BIRD/89591650000053.mp3,elevenlabs
fsd:dev:BIRD:103110,real,BIRD,vocal,fsd50k,real,real,fsd50k,103110,dev,1,134782957167109,val,fsd50k/FSD50K.dev_audio/103110.wav,real
el:BIRD:134782957167109,synth,BIRD,other,elevenlabs,elevenlabs,synth,generated,fsd:dev:BIRD:103110,gen,1,134782957167109,val,synth/el_pairs/BIRD/134782957167109.mp3,elevenlabs
fsd:dev:BIRD:104582,real,BIRD,vocal,fsd50k,real,real,fsd50k,104582,dev,1,21808454076084,train,fsd50k/FSD50K.dev_audio/104582.wav,real
el:BIRD:21808454076084,synth,BIRD,other,elevenlabs,elevenlabs,synth,generated,fsd:dev:BIRD:104582,gen,1,21808454076084,train,synth/el_pairs/BIRD/21808454076084.mp3,elevenlabs
fsd:dev:BIRD:104604,real,BIRD,vocal,fsd50k,real,real,fsd50k,104604,dev,1,64500085403500,train,fsd50k/FSD50K.dev_audio/104604.wav,real
el:BIRD:64500085403500,synth,BIRD,other,elevenlabs,elevenlabs,synth,generated,fsd:dev:BIRD:104604,gen,1,64500085403500,train,synth/el_pairs/BIRD/64500085403500.mp3,elevenlabs
fsd:dev:BIRD:104911,real,BIRD,vocal,fsd50k,real,real,fsd50k,104911,dev,1,192717199137785,train,fsd50k/FSD50K.dev_audio/104911.wav,real
el:BIRD:192717199137785,synth,BIRD,other,elevenlabs,elevenlabs,synth,generated,fsd:dev:BIRD:104911,gen,1,192717199137785,train,synth/el_pairs/BIRD/192717199137785.mp3,elevenlabs
fsd:dev:BIRD:104930,real,BIRD,vocal,fsd50k,real,real,fsd50k,104930,dev,1,92460534968882,train,fsd50k/FSD50K.dev_audio/104930.wav,real
el:BIRD:92460534968882,synth,BIRD,other,elevenlabs,elevenlabs,synth,generated,fsd:dev:BIRD:104930,gen,1,92460534968882,train,synth/el_pairs/BIRD/92460534968882.mp3,elevenlabs
fsd:dev:BIRD:104931,real,BIRD,vocal,fsd50k,real,real,fsd50k,104931,dev,1,28142166271508,train,fsd50k/FSD50K.dev_audio/104931.wav,real
el:BIRD:28142166271508,synth,BIRD,other,elevenlabs,elevenlabs,synth,generated,fsd:dev:BIRD:104931,gen,1,28142166271508,train,synth/el_pairs/BIRD/28142166271508.mp3,elevenlabs
fsd:dev:BIRD:113363,real,BIRD,vocal,fsd50k,real,real,fsd50k,113363,dev,1,34496321981244,train,fsd50k/FSD50K.dev_audio/113363.wav,real
el:BIRD:34496321981244,synth,BIRD,other,elevenlabs,elevenlabs,synth,generated,fsd:dev:BIRD:113363,gen,1,34496321981244,train,synth/el_pairs/BIRD/34496321981244.mp3,elevenlabs
fsd:dev:BIRD:115608,real,BIRD,vocal,fsd50k,real,real,fsd50k,115608,dev,1,69617398304861,train,fsd50k/FSD50K.dev_audio/115608.wav,real
el:BIRD:69617398304861,synth,BIRD,other,elevenlabs,elevenlabs,synth,generated,fsd:dev:BIRD:115608,gen,1,69617398304861,train,synth/el_pairs/BIRD/69617398304861.mp3,elevenlabs
fsd:dev:BIRD:121142,real,BIRD,vocal,fsd50k,real,real,fsd50k,121142,dev,1,42364474927962,val,fsd50k/FSD50K.dev_audio/121142.wav,real
el:BIRD:42364474927962,synth,BIRD,other,elevenlabs,elevenlabs,synth,generated,fsd:dev:BIRD:121142,gen,1,42364474927962,val,synth/el_pairs/BIRD/42364474927962.mp3,elevenlabs
fsd:dev:BIRD:121972,real,BIRD,vocal,fsd50k,real,real,fsd50k,121972,dev,1,182012290160599,train,fsd50k/FSD50K.dev_audio/121972.wav,real
el:BIRD:182012290160599,synth,BIRD,other,elevenlabs,elevenlabs,synth,generated,fsd:dev:BIRD:121972,gen,1,182012290160599,train,synth/el_pairs/BIRD/182012290160599.mp3,elevenlabs
fsd:dev:BIRD:121973,real,BIRD,vocal,fsd50k,real,real,fsd50k,121973,dev,1,53036899424548,train,fsd50k/FSD50K.dev_audio/121973.wav,real
el:BIRD:53036899424548,synth,BIRD,other,elevenlabs,elevenlabs,synth,generated,fsd:dev:BIRD:121973,gen,1,53036899424548,train,synth/el_pairs/BIRD/53036899424548.mp3,elevenlabs
fsd:dev:BIRD:121974,real,BIRD,vocal,fsd50k,real,real,fsd50k,121974,dev,1,260020347738039,train,fsd50k/FSD50K.dev_audio/121974.wav,real
el:BIRD:260020347738039,synth,BIRD,other,elevenlabs,elevenlabs,synth,generated,fsd:dev:BIRD:121974,gen,1,260020347738039,train,synth/el_pairs/BIRD/260020347738039.mp3,elevenlabs
fsd:dev:BIRD:122997,real,BIRD,vocal,fsd50k,real,real,fsd50k,122997,dev,1,30940717672233,train,fsd50k/FSD50K.dev_audio/122997.wav,real
el:BIRD:30940717672233,synth,BIRD,other,elevenlabs,elevenlabs,synth,generated,fsd:dev:BIRD:122997,gen,1,30940717672233,train,synth/el_pairs/BIRD/30940717672233.mp3,elevenlabs
fsd:dev:BIRD:123000,real,BIRD,vocal,fsd50k,real,real,fsd50k,123000,dev,1,60953321783882,train,fsd50k/FSD50K.dev_audio/123000.wav,real
el:BIRD:60953321783882,synth,BIRD,other,elevenlabs,elevenlabs,synth,generated,fsd:dev:BIRD:123000,gen,1,60953321783882,train,synth/el_pairs/BIRD/60953321783882.mp3,elevenlabs
fsd:dev:BIRD:12645,real,BIRD,vocal,fsd50k,real,real,fsd50k,12645,dev,1,10324840865319,train,fsd50k/FSD50K.dev_audio/12645.wav,real
el:BIRD:10324840865319,synth,BIRD,other,elevenlabs,elevenlabs,synth,generated,fsd:dev:BIRD:12645,gen,1,10324840865319,train,synth/el_pairs/BIRD/10324840865319.mp3,elevenlabs
fsd:dev:BIRD:152325,real,BIRD,vocal,fsd50k,real,real,fsd50k,152325,dev,1,272132546046225,train,fsd50k/FSD50K.dev_audio/152325.wav,real
el:BIRD:272132546046225,synth,BIRD,other,elevenlabs,elevenlabs,synth,generated,fsd:dev:BIRD:152325,gen,1,272132546046225,train,synth/el_pairs/BIRD/272132546046225.mp3,elevenlabs
fsd:dev:BIRD:152326,real,BIRD,vocal,fsd50k,real,real,fsd50k,152326,dev,1,8270798392302,train,fsd50k/FSD50K.dev_audio/152326.wav,real
el:BIRD:8270798392302,synth,BIRD,other,elevenlabs,elevenlabs,synth,generated,fsd:dev:BIRD:152326,gen,1,8270798392302,train,synth/el_pairs/BIRD/8270798392302.mp3,elevenlabs
fsd:dev:BIRD:152327,real,BIRD,vocal,fsd50k,real,real,fsd50k,152327,dev,1,85154534390972,train,fsd50k/FSD50K.dev_audio/152327.wav,real
el:BIRD:85154534390972,synth,BIRD,other,elevenlabs,elevenlabs,synth,generated,fsd:dev:BIRD:152327,gen,1,85154534390972,train,synth/el_pairs/BIRD/85154534390972.mp3,elevenlabs
fsd:dev:BODY:108397,real,BODY,transient,fsd50k,real,real,fsd50k,108397,dev,1,151624780146579,train,fsd50k/FSD50K.dev_audio/108397.wav,real
el:BODY:151624780146579,synth,BODY,other,elevenlabs,elevenlabs,synth,generated,fsd:dev:BODY:108397,gen,1,151624780146579,train,synth/el_pairs/BODY/151624780146579.mp3,elevenlabs
fsd:dev:BODY:109399,real,BODY,transient,fsd50k,real,real,fsd50k,109399,dev,1,273987707276942,train,fsd50k/FSD50K.dev_audio/109399.wav,real
el:BODY:273987707276942,synth,BODY,other,elevenlabs,elevenlabs,synth,generated,fsd:dev:BODY:109399,gen,1,273987707276942,train,synth/el_pairs/BODY/273987707276942.mp3,elevenlabs
fsd:dev:BODY:109400,real,BODY,transient,fsd50k,real,real,fsd50k,109400,dev,1,29773922367950,train,fsd50k/FSD50K.dev_audio/109400.wav,real
el:BODY:29773922367950,synth,BODY,other,elevenlabs,elevenlabs,synth,generated,fsd:dev:BODY:109400,gen,1,29773922367950,train,synth/el_pairs/BODY/29773922367950.mp3,elevenlabs
fsd:dev:BODY:110046,real,BODY,transient,fsd50k,real,real,fsd50k,110046,dev,1,277973844303577,train,fsd50k/FSD50K.dev_audio/110046.wav,real
el:BODY:277973844303577,synth,BODY,other,elevenlabs,elevenlabs,synth,generated,fsd:dev:BODY:110046,gen,1,277973844303577,train,synth/el_pairs/BODY/277973844303577.mp3,elevenlabs
fsd:dev:BODY:114277,real,BODY,transient,fsd50k,real,real,fsd50k,114277,dev,1,109345306989837,train,fsd50k/FSD50K.dev_audio/114277.wav,real
el:BODY:109345306989837,synth,BODY,other,elevenlabs,elevenlabs,synth,generated,fsd:dev:BODY:114277,gen,1,109345306989837,train,synth/el_pairs/BODY/109345306989837.mp3,elevenlabs
fsd:dev:BODY:117254,real,BODY,transient,fsd50k,real,real,fsd50k,117254,dev,1,77217777225267,train,fsd50k/FSD50K.dev_audio/117254.wav,real
el:BODY:77217777225267,synth,BODY,other,elevenlabs,elevenlabs,synth,generated,fsd:dev:BODY:117254,gen,1,77217777225267,train,synth/el_pairs/BODY/77217777225267.mp3,elevenlabs
fsd:dev:BODY:117255,real,BODY,transient,fsd50k,real,real,fsd50k,117255,dev,1,11860802606993,train,fsd50k/FSD50K.dev_audio/117255.wav,real
el:BODY:11860802606993,synth,BODY,other,elevenlabs,elevenlabs,synth,generated,fsd:dev:BODY:117255,gen,1,11860802606993,train,synth/el_pairs/BODY/11860802606993.mp3,elevenlabs
fsd:dev:BODY:119147,real,BODY,transient,fsd50k,real,real,fsd50k,119147,dev,1,25267946427348,val,fsd50k/FSD50K.dev_audio/119147.wav,real
el:BODY:25267946427348,synth,BODY,other,elevenlabs,elevenlabs,synth,generated,fsd:dev:BODY:119147,gen,1,25267946427348,val,synth/el_pairs/BODY/25267946427348.mp3,elevenlabs
fsd:dev:BODY:126315,real,BODY,transient,fsd50k,real,real,fsd50k,126315,dev,1,183050285839208,train,fsd50k/FSD50K.dev_audio/126315.wav,real
el:BODY:183050285839208,synth,BODY,other,elevenlabs,elevenlabs,synth,generated,fsd:dev:BODY:126315,gen,1,183050285839208,train,synth/el_pairs/BODY/183050285839208.mp3,elevenlabs
fsd:dev:BODY:128031,real,BODY,transient,fsd50k,real,real,fsd50k,128031,dev,1,116962960564459,train,fsd50k/FSD50K.dev_audio/128031.wav,real
el:BODY:116962960564459,synth,BODY,other,elevenlabs,elevenlabs,synth,generated,fsd:dev:BODY:128031,gen,1,116962960564459,train,synth/el_pairs/BODY/116962960564459.mp3,elevenlabs
fsd:dev:BODY:130037,real,BODY,transient,fsd50k,real,real,fsd50k,130037,dev,1,9369506742274,val,fsd50k/FSD50K.dev_audio/130037.wav,real
el:BODY:9369506742274,synth,BODY,other,elevenlabs,elevenlabs,synth,generated,fsd:dev:BODY:130037,gen,1,9369506742274,val,synth/el_pairs/BODY/9369506742274.mp3,elevenlabs
fsd:dev:BODY:137104,real,BODY,transient,fsd50k,real,real,fsd50k,137104,dev,1,271123242956303,val,fsd50k/FSD50K.dev_audio/137104.wav,real
el:BODY:271123242956303,synth,BODY,other,elevenlabs,elevenlabs,synth,generated,fsd:dev:BODY:137104,gen,1,271123242956303,val,synth/el_pairs/BODY/271123242956303.mp3,elevenlabs
fsd:dev:BODY:137105,real,BODY,transient,fsd50k,real,real,fsd50k,137105,dev,1,101103004368570,val,fsd50k/FSD50K.dev_audio/137105.wav,real
el:BODY:101103004368570,synth,BODY,other,elevenlabs,elevenlabs,synth,generated,fsd:dev:BODY:137105,gen,1,101103004368570,val,synth/el_pairs/BODY/101103004368570.mp3,elevenlabs
fsd:dev:BODY:137148,real,BODY,transient,fsd50k,real,real,fsd50k,137148,dev,1,192051577879327,val,fsd50k/FSD50K.dev_audio/137148.wav,real
el:BODY:192051577879327,synth,BODY,other,elevenlabs,elevenlabs,synth,generated,fsd:dev:BODY:137148,gen,1,192051577879327,val,synth/el_pairs/BODY/192051577879327.mp3,elevenlabs
fsd:dev:BODY:151214,real,BODY,transient,fsd50k,real,real,fsd50k,151214,dev,1,195679149054019,val,fsd50k/FSD50K.dev_audio/151214.wav,real
el:BODY:195679149054019,synth,BODY,other,elevenlabs,elevenlabs,synth,generated,fsd:dev:BODY:151214,gen,1,195679149054019,val,synth/el_pairs/BODY/195679149054019.mp3,elevenlabs
fsd:dev:BODY:151698,real,BODY,transient,fsd50k,real,real,fsd50k,151698,dev,1,6730739189551,train,fsd50k/FSD50K.dev_audio/151698.wav,real
el:BODY:6730739189551,synth,BODY,other,elevenlabs,elevenlabs,synth,generated,fsd:dev:BODY:151698,gen,1,6730739189551,train,synth/el_pairs/BODY/6730739189551.mp3,elevenlabs
fsd:dev:BODY:154681,real,BODY,transient,fsd50k,real,real,fsd50k,154681,dev,1,272800714093115,train,fsd50k/FSD50K.dev_audio/154681.wav,real
el:BODY:272800714093115,synth,BODY,other,elevenlabs,elevenlabs,synth,generated,fsd:dev:BODY:154681,gen,1,272800714093115,train,synth/el_pairs/BODY/272800714093115.mp3,elevenlabs
fsd:dev:BODY:154689,real,BODY,transient,fsd50k,real,real,fsd50k,154689,dev,1,39409162172915,train,fsd50k/FSD50K.dev_audio/154689.wav,real
el:BODY:39409162172915,synth,BODY,other,elevenlabs,elevenlabs,synth,generated,fsd:dev:BODY:154689,gen,1,39409162172915,train,synth/el_pairs/BODY/39409162172915.mp3,elevenlabs
fsd:dev:BODY:166692,real,BODY,transient,fsd50k,real,real,fsd50k,166692,dev,1,275861965112283,train,fsd50k/FSD50K.dev_audio/166692.wav,real
el:BODY:275861965112283,synth,BODY,other,elevenlabs,elevenlabs,synth,generated,fsd:dev:BODY:166692,gen,1,275861965112283,train,synth/el_pairs/BODY/275861965112283.mp3,elevenlabs
fsd:dev:BODY:168249,real,BODY,transient,fsd50k,real,real,fsd50k,168249,dev,1,107223376227321,train,fsd50k/FSD50K.dev_audio/168249.wav,real
el:BODY:107223376227321,synth,BODY,other,elevenlabs,elevenlabs,synth,generated,fsd:dev:BODY:168249,gen,1,107223376227321,train,synth/el_pairs/BODY/107223376227321.mp3,elevenlabs
fsd:dev:CLCK:106071,real,CLCK,mechanical,fsd50k,real,real,fsd50k,106071,dev,1,232544207028254,train,fsd50k/FSD50K.dev_audio/106071.wav,real
el:CLCK:232544207028254,synth,CLCK,other,elevenlabs,elevenlabs,synth,generated,fsd:dev:CLCK:106071,gen,1,232544207028254,train,synth/el_pairs/CLCK/232544207028254.mp3,elevenlabs
fsd:dev:CLCK:106985,real,CLCK,mechanical,fsd50k,real,real,fsd50k,106985,dev,1,6054790231519,train,fsd50k/FSD50K.dev_audio/106985.wav,real
el:CLCK:6054790231519,synth,CLCK,other,elevenlabs,elevenlabs,synth,generated,fsd:dev:CLCK:106985,gen,1,6054790231519,train,synth/el_pairs/CLCK/6054790231519.mp3,elevenlabs
fsd:dev:CLCK:107353,real,CLCK,mechanical,fsd50k,real,real,fsd50k,107353,dev,1,47003669786543,train,fsd50k/FSD50K.dev_audio/107353.wav,real
el:CLCK:47003669786543,synth,CLCK,other,elevenlabs,elevenlabs,synth,generated,fsd:dev:CLCK:107353,gen,1,47003669786543,train,synth/el_pairs/CLCK/47003669786543.mp3,elevenlabs
fsd:dev:CLCK:107355,real,CLCK,mechanical,fsd50k,real,real,fsd50k,107355,dev,1,48860338989054,train,fsd50k/FSD50K.dev_audio/107355.wav,real
el:CLCK:48860338989054,synth,CLCK,other,elevenlabs,elevenlabs,synth,generated,fsd:dev:CLCK:107355,gen,1,48860338989054,train,synth/el_pairs/CLCK/48860338989054.mp3,elevenlabs
fsd:dev:CLCK:107356,real,CLCK,mechanical,fsd50k,real,real,fsd50k,107356,dev,1,269225488456275,train,fsd50k/FSD50K.dev_audio/107356.wav,real
el:CLCK:269225488456275,synth,CLCK,other,elevenlabs,elevenlabs,synth,generated,fsd:dev:CLCK:107356,gen,1,269225488456275,train,synth/el_pairs/CLCK/269225488456275.mp3,elevenlabs
fsd:dev:CLCK:113218,real,CLCK,mechanical,fsd50k,real,real,fsd50k,113218,dev,1,81428632457080,train,fsd50k/FSD50K.dev_audio/113218.wav,real
el:CLCK:81428632457080,synth,CLCK,other,elevenlabs,elevenlabs,synth,generated,fsd:dev:CLCK:113218,gen,1,81428632457080,train,synth/el_pairs/CLCK/81428632457080.mp3,elevenlabs
fsd:dev:CLCK:114055,real,CLCK,mechanical,fsd50k,real,real,fsd50k,114055,dev,1,92583824681187,train,fsd50k/FSD50K.dev_audio/114055.wav,real
el:CLCK:92583824681187,synth,CLCK,other,elevenlabs,elevenlabs,synth,generated,fsd:dev:CLCK:114055,gen,1,92583824681187,train,synth/el_pairs/CLCK/92583824681187.mp3,elevenlabs
fsd:dev:CLCK:115344,real,CLCK,mechanical,fsd50k,real,real,fsd50k,115344,dev,1,38202064983220,train,fsd50k/FSD50K.dev_audio/115344.wav,real
el:CLCK:38202064983220,synth,CLCK,other,elevenlabs,elevenlabs,synth,generated,fsd:dev:CLCK:115344,gen,1,38202064983220,train,synth/el_pairs/CLCK/38202064983220.mp3,elevenlabs
fsd:dev:CLCK:116636,real,CLCK,mechanical,fsd50k,real,real,fsd50k,116636,dev,1,157549689493061,train,fsd50k/FSD50K.dev_audio/116636.wav,real
el:CLCK:157549689493061,synth,CLCK,other,elevenlabs,elevenlabs,synth,generated,fsd:dev:CLCK:116636,gen,1,157549689493061,train,synth/el_pairs/CLCK/157549689493061.mp3,elevenlabs
fsd:dev:CLCK:117280,real,CLCK,mechanical,fsd50k,real,real,fsd50k,117280,dev,1,190882249830545,train,fsd50k/FSD50K.dev_audio/117280.wav,real
el:CLCK:190882249830545,synth,CLCK,other,elevenlabs,elevenlabs,synth,generated,fsd:dev:CLCK:117280,gen,1,190882249830545,train,synth/el_pairs/CLCK/190882249830545.mp3,elevenlabs
fsd:dev:CLCK:117940,real,CLCK,mechanical,fsd50k,real,real,fsd50k,117940,dev,1,194884244559983,train,fsd50k/FSD50K.dev_audio/117940.wav,real
el:CLCK:194884244559983,synth,CLCK,other,elevenlabs,elevenlabs,synth,generated,fsd:dev:CLCK:117940,gen,1,194884244559983,train,synth/el_pairs/CLCK/194884244559983.mp3,elevenlabs
fsd:dev:CLCK:117941,real,CLCK,mechanical,fsd50k,real,real,fsd50k,117941,dev,1,257096865792762,train,fsd50k/FSD50K.dev_audio/117941.wav,real
el:CLCK:257096865792762,synth,CLCK,other,elevenlabs,elevenlabs,synth,generated,fsd:dev:CLCK:117941,gen,1,257096865792762,train,synth/el_pairs/CLCK/257096865792762.mp3,elevenlabs
fsd:dev:CLCK:119748,real,CLCK,mechanical,fsd50k,real,real,fsd50k,119748,dev,1,191336345814780,train,fsd50k/FSD50K.dev_audio/119748.wav,real
el:CLCK:191336345814780,synth,CLCK,other,elevenlabs,elevenlabs,synth,generated,fsd:dev:CLCK:119748,gen,1,191336345814780,train,synth/el_pairs/CLCK/191336345814780.mp3,elevenlabs
fsd:dev:CLCK:120787,real,CLCK,mechanical,fsd50k,real,real,fsd50k,120787,dev,1,188344323329422,train,fsd50k/FSD50K.dev_audio/120787.wav,real
el:CLCK:188344323329422,synth,CLCK,other,elevenlabs,elevenlabs,synth,generated,fsd:dev:CLCK:120787,gen,1,188344323329422,train,synth/el_pairs/CLCK/188344323329422.mp3,elevenlabs
fsd:dev:CLCK:125320,real,CLCK,mechanical,fsd50k,real,real,fsd50k,125320,dev,1,237322847870750,train,fsd50k/FSD50K.dev_audio/125320.wav,real
el:CLCK:237322847870750,synth,CLCK,other,elevenlabs,elevenlabs,synth,generated,fsd:dev:CLCK:125320,gen,1,237322847870750,train,synth/el_pairs/CLCK/237322847870750.mp3,elevenlabs
fsd:dev:CLCK:125968,real,CLCK,mechanical,fsd50k,real,real,fsd50k,125968,dev,1,256415413084980,train,fsd50k/FSD50K.dev_audio/125968.wav,real
el:CLCK:256415413084980,synth,CLCK,other,elevenlabs,elevenlabs,synth,generated,fsd:dev:CLCK:125968,gen,1,256415413084980,train,synth/el_pairs/CLCK/256415413084980.mp3,elevenlabs
fsd:dev:CLCK:126881,real,CLCK,mechanical,fsd50k,real,real,fsd50k,126881,dev,1,265104865968504,train,fsd50k/FSD50K.dev_audio/126881.wav,real
fsd:dev:CLCK:130388,real,CLCK,mechanical,fsd50k,real,real,fsd50k,130388,dev,1,114075622446769,train,fsd50k/FSD50K.dev_audio/130388.wav,real
el:CLCK:114075622446769,synth,CLCK,other,elevenlabs,elevenlabs,synth,generated,fsd:dev:CLCK:130388,gen,1,114075622446769,train,synth/el_pairs/CLCK/114075622446769.mp3,elevenlabs
fsd:dev:CLCK:130867,real,CLCK,mechanical,fsd50k,real,real,fsd50k,130867,dev,1,26797155282216,train,fsd50k/FSD50K.dev_audio/130867.wav,real
el:CLCK:26797155282216,synth,CLCK,other,elevenlabs,elevenlabs,synth,generated,fsd:dev:CLCK:130867,gen,1,26797155282216,train,synth/el_pairs/CLCK/26797155282216.mp3,elevenlabs
fsd:dev:CLCK:13712,real,CLCK,mechanical,fsd50k,real,real,fsd50k,13712,dev,1,47970508311015,train,fsd50k/FSD50K.dev_audio/13712.wav,real
el:CLCK:47970508311015,synth,CLCK,other,elevenlabs,elevenlabs,synth,generated,fsd:dev:CLCK:13712,gen,1,47970508311015,train,synth/el_pairs/CLCK/47970508311015.mp3,elevenlabs
fsd:dev:CLTH:100019,real,CLTH,texture,fsd50k,real,real,fsd50k,100019,dev,1,46760097452140,val,fsd50k/FSD50K.dev_audio/100019.wav,real
el:CLTH:46760097452140,synth,CLTH,other,elevenlabs,elevenlabs,synth,generated,fsd:dev:CLTH:100019,gen,1,46760097452140,val,synth/el_pairs/CLTH/46760097452140.mp3,elevenlabs
fsd:dev:CLTH:104164,real,CLTH,texture,fsd50k,real,real,fsd50k,104164,dev,1,117497680879295,train,fsd50k/FSD50K.dev_audio/104164.wav,real
el:CLTH:117497680879295,synth,CLTH,other,elevenlabs,elevenlabs,synth,generated,fsd:dev:CLTH:104164,gen,1,117497680879295,train,synth/el_pairs/CLTH/117497680879295.mp3,elevenlabs
fsd:dev:CLTH:104172,real,CLTH,texture,fsd50k,real,real,fsd50k,104172,dev,1,109988144843994,train,fsd50k/FSD50K.dev_audio/104172.wav,real
el:CLTH:109988144843994,synth,CLTH,other,elevenlabs,elevenlabs,synth,generated,fsd:dev:CLTH:104172,gen,1,109988144843994,train,synth/el_pairs/CLTH/109988144843994.mp3,elevenlabs
fsd:dev:CLTH:104177,real,CLTH,texture,fsd50k,real,real,fsd50k,104177,dev,1,272962311627729,train,fsd50k/FSD50K.dev_audio/104177.wav,real
el:CLTH:272962311627729,synth,CLTH,other,elevenlabs,elevenlabs,synth,generated,fsd:dev:CLTH:104177,gen,1,272962311627729,train,synth/el_pairs/CLTH/272962311627729.mp3,elevenlabs
fsd:dev:CLTH:106982,real,CLTH,texture,fsd50k,real,real,fsd50k,106982,dev,1,203775038085551,train,fsd50k/FSD50K.dev_audio/106982.wav,real
el:CLTH:203775038085551,synth,CLTH,other,elevenlabs,elevenlabs,synth,generated,fsd:dev:CLTH:106982,gen,1,203775038085551,train,synth/el_pairs/CLTH/203775038085551.mp3,elevenlabs
fsd:dev:CLTH:111108,real,CLTH,texture,fsd50k,real,real,fsd50k,111108,dev,1,231920210328640,train,fsd50k/FSD50K.dev_audio/111108.wav,real
el:CLTH:231920210328640,synth,CLTH,other,elevenlabs,elevenlabs,synth,generated,fsd:dev:CLTH:111108,gen,1,231920210328640,train,synth/el_pairs/CLTH/231920210328640.mp3,elevenlabs
fsd:dev:CLTH:111109,real,CLTH,texture,fsd50k,real,real,fsd50k,111109,dev,1,198637592502460,train,fsd50k/FSD50K.dev_audio/111109.wav,real
el:CLTH:198637592502460,synth,CLTH,other,elevenlabs,elevenlabs,synth,generated,fsd:dev:CLTH:111109,gen,1,198637592502460,train,synth/el_pairs/CLTH/198637592502460.mp3,elevenlabs
fsd:dev:CLTH:111110,real,CLTH,texture,fsd50k,real,real,fsd50k,111110,dev,1,207280826839531,train,fsd50k/FSD50K.dev_audio/111110.wav,real
el:CLTH:207280826839531,synth,CLTH,other,elevenlabs,elevenlabs,synth,generated,fsd:dev:CLTH:111110,gen,1,207280826839531,train,synth/el_pairs/CLTH/207280826839531.mp3,elevenlabs
fsd:dev:CLTH:111111,real,CLTH,texture,fsd50k,real,real,fsd50k,111111,dev,1,22296467265313,train,fsd50k/FSD50K.dev_audio/111111.wav,real
el:CLTH:22296467265313,synth,CLTH,other,elevenlabs,elevenlabs,synth,generated,fsd:dev:CLTH:111111,gen,1,22296467265313,train,synth/el_pairs/CLTH/22296467265313.mp3,elevenlabs
fsd:dev:CLTH:111112,real,CLTH,texture,fsd50k,real,real,fsd50k,111112,dev,1,120072073444780,train,fsd50k/FSD50K.dev_audio/111112.wav,real
el:CLTH:120072073444780,synth,CLTH,other,elevenlabs,elevenlabs,synth,generated,fsd:dev:CLTH:111112,gen,1,120072073444780,train,synth/el_pairs/CLTH/120072073444780.mp3,elevenlabs
fsd:dev:CLTH:111114,real,CLTH,texture,fsd50k,real,real,fsd50k,111114,dev,1,44964266127857,train,fsd50k/FSD50K.dev_audio/111114.wav,real
el:CLTH:44964266127857,synth,CLTH,other,elevenlabs,elevenlabs,synth,generated,fsd:dev:CLTH:111114,gen,1,44964266127857,train,synth/el_pairs/CLTH/44964266127857.mp3,elevenlabs
fsd:dev:CLTH:111115,real,CLTH,texture,fsd50k,real,real,fsd50k,111115,dev,1,215181103414197,train,fsd50k/FSD50K.dev_audio/111115.wav,real
el:CLTH:215181103414197,synth,CLTH,other,elevenlabs,elevenlabs,synth,generated,fsd:dev:CLTH:111115,gen,1,215181103414197,train,synth/el_pairs/CLTH/215181103414197.mp3,elevenlabs
fsd:dev:CLTH:111117,real,CLTH,texture,fsd50k,real,real,fsd50k,111117,dev,1,192633160842781,train,fsd50k/FSD50K.dev_audio/111117.wav,real
el:CLTH:192633160842781,synth,CLTH,other,elevenlabs,elevenlabs,synth,generated,fsd:dev:CLTH:111117,gen,1,192633160842781,train,synth/el_pairs/CLTH/192633160842781.mp3,elevenlabs
fsd:dev:CLTH:111120,real,CLTH,texture,fsd50k,real,real,fsd50k,111120,dev,1,190720927831217,train,fsd50k/FSD50K.dev_audio/111120.wav,real
el:CLTH:190720927831217,synth,CLTH,other,elevenlabs,elevenlabs,synth,generated,fsd:dev:CLTH:111120,gen,1,190720927831217,train,synth/el_pairs/CLTH/190720927831217.mp3,elevenlabs
fsd:dev:CLTH:112647,real,CLTH,texture,fsd50k,real,real,fsd50k,112647,dev,1,245202846575914,train,fsd50k/FSD50K.dev_audio/112647.wav,real
el:CLTH:245202846575914,synth,CLTH,other,elevenlabs,elevenlabs,synth,generated,fsd:dev:CLTH:112647,gen,1,245202846575914,train,synth/el_pairs/CLTH/245202846575914.mp3,elevenlabs
fsd:dev:CLTH:113315,real,CLTH,texture,fsd50k,real,real,fsd50k,113315,dev,1,205369180420014,val,fsd50k/FSD50K.dev_audio/113315.wav,real
el:CLTH:205369180420014,synth,CLTH,other,elevenlabs,elevenlabs,synth,generated,fsd:dev:CLTH:113315,gen,1,205369180420014,val,synth/el_pairs/CLTH/205369180420014.mp3,elevenlabs
fsd:dev:CLTH:116754,real,CLTH,texture,fsd50k,real,real,fsd50k,116754,dev,1,258820654478766,train,fsd50k/FSD50K.dev_audio/116754.wav,real
el:CLTH:258820654478766,synth,CLTH,other,elevenlabs,elevenlabs,synth,generated,fsd:dev:CLTH:116754,gen,1,258820654478766,train,synth/el_pairs/CLTH/258820654478766.mp3,elevenlabs
fsd:dev:CLTH:116755,real,CLTH,texture,fsd50k,real,real,fsd50k,116755,dev,1,190559808103755,train,fsd50k/FSD50K.dev_audio/116755.wav,real
el:CLTH:190559808103755,synth,CLTH,other,elevenlabs,elevenlabs,synth,generated,fsd:dev:CLTH:116755,gen,1,190559808103755,train,synth/el_pairs/CLTH/190559808103755.mp3,elevenlabs
fsd:dev:CLTH:118049,real,CLTH,texture,fsd50k,real,real,fsd50k,118049,dev,1,24859779303613,val,fsd50k/FSD50K.dev_audio/118049.wav,real
el:CLTH:24859779303613,synth,CLTH,other,elevenlabs,elevenlabs,synth,generated,fsd:dev:CLTH:118049,gen,1,24859779303613,val,synth/el_pairs/CLTH/24859779303613.mp3,elevenlabs
fsd:dev:CLTH:119907,real,CLTH,texture,fsd50k,real,real,fsd50k,119907,dev,1,26837778020188,train,fsd50k/FSD50K.dev_audio/119907.wav,real
el:CLTH:26837778020188,synth,CLTH,other,elevenlabs,elevenlabs,synth,generated,fsd:dev:CLTH:119907,gen,1,26837778020188,train,synth/el_pairs/CLTH/26837778020188.mp3,elevenlabs
fsd:dev:COMP:104168,real,COMP,mechanical,fsd50k,real,real,fsd50k,104168,dev,1,163019669246650,train,fsd50k/FSD50K.dev_audio/104168.wav,real
el:COMP:163019669246650,synth,COMP,other,elevenlabs,elevenlabs,synth,generated,fsd:dev:COMP:104168,gen,1,163019669246650,train,synth/el_pairs/COMP/163019669246650.mp3,elevenlabs
fsd:dev:COMP:109316,real,COMP,mechanical,fsd50k,real,real,fsd50k,109316,dev,1,235581049845756,train,fsd50k/FSD50K.dev_audio/109316.wav,real
el:COMP:235581049845756,synth,COMP,other,elevenlabs,elevenlabs,synth,generated,fsd:dev:COMP:109316,gen,1,235581049845756,train,synth/el_pairs/COMP/235581049845756.mp3,elevenlabs
fsd:dev:COMP:113689,real,COMP,mechanical,fsd50k,real,real,fsd50k,113689,dev,1,22191767355655,train,fsd50k/FSD50K.dev_audio/113689.wav,real
el:COMP:22191767355655,synth,COMP,other,elevenlabs,elevenlabs,synth,generated,fsd:dev:COMP:113689,gen,1,22191767355655,train,synth/el_pairs/COMP/22191767355655.mp3,elevenlabs
fsd:dev:COMP:119134,real,COMP,mechanical,fsd50k,real,real,fsd50k,119134,dev,1,31150984312089,train,fsd50k/FSD50K.dev_audio/119134.wav,real
el:COMP:31150984312089,synth,COMP,other,elevenlabs,elevenlabs,synth,generated,fsd:dev:COMP:119134,gen,1,31150984312089,train,synth/el_pairs/COMP/31150984312089.mp3,elevenlabs
fsd:dev:COMP:119135,real,COMP,mechanical,fsd50k,real,real,fsd50k,119135,dev,1,200994497715158,train,fsd50k/FSD50K.dev_audio/119135.wav,real
el:COMP:200994497715158,synth,COMP,other,elevenlabs,elevenlabs,synth,generated,fsd:dev:COMP:119135,gen,1,200994497715158,train,synth/el_pairs/COMP/200994497715158.mp3,elevenlabs
fsd:dev:COMP:120333,real,COMP,mechanical,fsd50k,real,real,fsd50k,120333,dev,1,249974259961017,train,fsd50k/FSD50K.dev_audio/120333.wav,real
el:COMP:249974259961017,synth,COMP,other,elevenlabs,elevenlabs,synth,generated,fsd:dev:COMP:120333,gen,1,249974259961017,train,synth/el_pairs/COMP/249974259961017.mp3,elevenlabs
fsd:dev:COMP:125408,real,COMP,mechanical,fsd50k,real,real,fsd50k,125408,dev,1,246474782993191,train,fsd50k/FSD50K.dev_audio/125408.wav,real
el:COMP:246474782993191,synth,COMP,other,elevenlabs,elevenlabs,synth,generated,fsd:dev:COMP:125408,gen,1,246474782993191,train,synth/el_pairs/COMP/246474782993191.mp3,elevenlabs
fsd:dev:COMP:125548,real,COMP,mechanical,fsd50k,real,real,fsd50k,125548,dev,1,228372964062845,train,fsd50k/FSD50K.dev_audio/125548.wav,real
el:COMP:228372964062845,synth,COMP,other,elevenlabs,elevenlabs,synth,generated,fsd:dev:COMP:125548,gen,1,228372964062845,train,synth/el_pairs/COMP/228372964062845.mp3,elevenlabs
fsd:dev:COMP:125553,real,COMP,mechanical,fsd50k,real,real,fsd50k,125553,dev,1,224816796240455,train,fsd50k/FSD50K.dev_audio/125553.wav,real
el:COMP:224816796240455,synth,COMP,other,elevenlabs,elevenlabs,synth,generated,fsd:dev:COMP:125553,gen,1,224816796240455,train,synth/el_pairs/COMP/224816796240455.mp3,elevenlabs
fsd:dev:COMP:133657,real,COMP,mechanical,fsd50k,real,real,fsd50k,133657,dev,1,22889869942319,train,fsd50k/FSD50K.dev_audio/133657.wav,real
el:COMP:22889869942319,synth,COMP,other,elevenlabs,elevenlabs,synth,generated,fsd:dev:COMP:133657,gen,1,22889869942319,train,synth/el_pairs/COMP/22889869942319.mp3,elevenlabs
fsd:dev:COMP:134962,real,COMP,mechanical,fsd50k,real,real,fsd50k,134962,dev,1,43570754327122,train,fsd50k/FSD50K.dev_audio/134962.wav,real
el:COMP:43570754327122,synth,COMP,other,elevenlabs,elevenlabs,synth,generated,fsd:dev:COMP:134962,gen,1,43570754327122,train,synth/el_pairs/COMP/43570754327122.mp3,elevenlabs
fsd:dev:COMP:136,real,COMP,mechanical,fsd50k,real,real,fsd50k,136,dev,1,5958093647283,train,fsd50k/FSD50K.dev_audio/136.wav,real
el:COMP:5958093647283,synth,COMP,other,elevenlabs,elevenlabs,synth,generated,fsd:dev:COMP:136,gen,1,5958093647283,train,synth/el_pairs/COMP/5958093647283.mp3,elevenlabs
fsd:dev:COMP:137,real,COMP,mechanical,fsd50k,real,real,fsd50k,137,dev,1,185234730862389,train,fsd50k/FSD50K.dev_audio/137.wav,real
el:COMP:185234730862389,synth,COMP,other,elevenlabs,elevenlabs,synth,generated,fsd:dev:COMP:137,gen,1,185234730862389,train,synth/el_pairs/COMP/185234730862389.mp3,elevenlabs
fsd:dev:COMP:138407,real,COMP,mechanical,fsd50k,real,real,fsd50k,138407,dev,1,51368102566857,train,fsd50k/FSD50K.dev_audio/138407.wav,real
el:COMP:51368102566857,synth,COMP,other,elevenlabs,elevenlabs,synth,generated,fsd:dev:COMP:138407,gen,1,51368102566857,train,synth/el_pairs/COMP/51368102566857.mp3,elevenlabs
fsd:dev:COMP:144105,real,COMP,mechanical,fsd50k,real,real,fsd50k,144105,dev,1,273806900245835,train,fsd50k/FSD50K.dev_audio/144105.wav,real
el:COMP:273806900245835,synth,COMP,other,elevenlabs,elevenlabs,synth,generated,fsd:dev:COMP:144105,gen,1,273806900245835,train,synth/el_pairs/COMP/273806900245835.mp3,elevenlabs
fsd:dev:COMP:144106,real,COMP,mechanical,fsd50k,real,real,fsd50k,144106,dev,1,66965996319080,train,fsd50k/FSD50K.dev_audio/144106.wav,real
el:COMP:66965996319080,synth,COMP,other,elevenlabs,elevenlabs,synth,generated,fsd:dev:COMP:144106,gen,1,66965996319080,train,synth/el_pairs/COMP/66965996319080.mp3,elevenlabs
fsd:dev:COMP:14579,real,COMP,mechanical,fsd50k,real,real,fsd50k,14579,dev,1,177501676534108,train,fsd50k/FSD50K.dev_audio/14579.wav,real
el:COMP:177501676534108,synth,COMP,other,elevenlabs,elevenlabs,synth,generated,fsd:dev:COMP:14579,gen,1,177501676534108,train,synth/el_pairs/COMP/177501676534108.mp3,elevenlabs
fsd:dev:COMP:149750,real,COMP,mechanical,fsd50k,real,real,fsd50k,149750,dev,1,185080912244324,train,fsd50k/FSD50K.dev_audio/149750.wav,real
el:COMP:185080912244324,synth,COMP,other,elevenlabs,elevenlabs,synth,generated,fsd:dev:COMP:149750,gen,1,185080912244324,train,synth/el_pairs/COMP/185080912244324.mp3,elevenlabs
fsd:dev:COMP:149752,real,COMP,mechanical,fsd50k,real,real,fsd50k,149752,dev,1,45498869314214,train,fsd50k/FSD50K.dev_audio/149752.wav,real
el:COMP:45498869314214,synth,COMP,other,elevenlabs,elevenlabs,synth,generated,fsd:dev:COMP:149752,gen,1,45498869314214,train,synth/el_pairs/COMP/45498869314214.mp3,elevenlabs
fsd:dev:COMP:149760,real,COMP,mechanical,fsd50k,real,real,fsd50k,149760,dev,1,97449633602432,train,fsd50k/FSD50K.dev_audio/149760.wav,real
el:COMP:97449633602432,synth,COMP,other,elevenlabs,elevenlabs,synth,generated,fsd:dev:COMP:149760,gen,1,97449633602432,train,synth/el_pairs/COMP/97449633602432.mp3,elevenlabs
fsd:dev:CREA:10380,real,CREA,vocal,fsd50k,real,real,fsd50k,10380,dev,1,36420525983016,train,fsd50k/FSD50K.dev_audio/10380.wav,real
el:CREA:36420525983016,synth,CREA,other,elevenlabs,elevenlabs,synth,generated,fsd:dev:CREA:10380,gen,1,36420525983016,train,synth/el_pairs/CREA/36420525983016.mp3,elevenlabs
fsd:dev:CREA:10381,real,CREA,vocal,fsd50k,real,real,fsd50k,10381,dev,1,75727778798324,train,fsd50k/FSD50K.dev_audio/10381.wav,real
el:CREA:75727778798324,synth,CREA,other,elevenlabs,elevenlabs,synth,generated,fsd:dev:CREA:10381,gen,1,75727778798324,train,synth/el_pairs/CREA/75727778798324.mp3,elevenlabs
fsd:dev:CREA:118202,real,CREA,vocal,fsd50k,real,real,fsd50k,118202,dev,1,91742001373817,train,fsd50k/FSD50K.dev_audio/118202.wav,real
el:CREA:91742001373817,synth,CREA,other,elevenlabs,elevenlabs,synth,generated,fsd:dev:CREA:118202,gen,1,91742001373817,train,synth/el_pairs/CREA/91742001373817.mp3,elevenlabs
fsd:dev:CREA:121889,real,CREA,vocal,fsd50k,real,real,fsd50k,121889,dev,1,278398967429590,val,fsd50k/FSD50K.dev_audio/121889.wav,real
el:CREA:278398967429590,synth,CREA,other,elevenlabs,elevenlabs,synth,generated,fsd:dev:CREA:121889,gen,1,278398967429590,val,synth/el_pairs/CREA/278398967429590.mp3,elevenlabs
fsd:dev:CREA:125555,real,CREA,vocal,fsd50k,real,real,fsd50k,125555,dev,1,77055056288894,train,fsd50k/FSD50K.dev_audio/125555.wav,real
el:CREA:77055056288894,synth,CREA,other,elevenlabs,elevenlabs,synth,generated,fsd:dev:CREA:125555,gen,1,77055056288894,train,synth/el_pairs/CREA/77055056288894.mp3,elevenlabs
fsd:dev:CREA:126730,real,CREA,vocal,fsd50k,real,real,fsd50k,126730,dev,1,142102877964528,train,fsd50k/FSD50K.dev_audio/126730.wav,real
el:CREA:142102877964528,synth,CREA,other,elevenlabs,elevenlabs,synth,generated,fsd:dev:CREA:126730,gen,1,142102877964528,train,synth/el_pairs/CREA/142102877964528.mp3,elevenlabs
fsd:dev:CREA:126731,real,CREA,vocal,fsd50k,real,real,fsd50k,126731,dev,1,265741164436817,train,fsd50k/FSD50K.dev_audio/126731.wav,real
el:CREA:265741164436817,synth,CREA,other,elevenlabs,elevenlabs,synth,generated,fsd:dev:CREA:126731,gen,1,265741164436817,train,synth/el_pairs/CREA/265741164436817.mp3,elevenlabs
fsd:dev:CREA:126732,real,CREA,vocal,fsd50k,real,real,fsd50k,126732,dev,1,13132346286285,train,fsd50k/FSD50K.dev_audio/126732.wav,real
el:CREA:13132346286285,synth,CREA,other,elevenlabs,elevenlabs,synth,generated,fsd:dev:CREA:126732,gen,1,13132346286285,train,synth/el_pairs/CREA/13132346286285.mp3,elevenlabs
fsd:dev:CREA:14160,real,CREA,vocal,fsd50k,real,real,fsd50k,14160,dev,1,264896630115882,train,fsd50k/FSD50K.dev_audio/14160.wav,real
el:CREA:264896630115882,synth,CREA,other,elevenlabs,elevenlabs,synth,generated,fsd:dev:CREA:14160,gen,1,264896630115882,train,synth/el_pairs/CREA/264896630115882.mp3,elevenlabs
fsd:dev:CREA:146960,real,CREA,vocal,fsd50k,real,real,fsd50k,146960,dev,1,211949448962585,train,fsd50k/FSD50K.dev_audio/146960.wav,real
el:CREA:211949448962585,synth,CREA,other,elevenlabs,elevenlabs,synth,generated,fsd:dev:CREA:146960,gen,1,211949448962585,train,synth/el_pairs/CREA/211949448962585.mp3,elevenlabs
fsd:dev:CREA:146961,real,CREA,vocal,fsd50k,real,real,fsd50k,146961,dev,1,206224472154339,train,fsd50k/FSD50K.dev_audio/146961.wav,real
el:CREA:206224472154339,synth,CREA,other,elevenlabs,elevenlabs,synth,generated,fsd:dev:CREA:146961,gen,1,206224472154339,train,synth/el_pairs/CREA/206224472154339.mp3,elevenlabs
fsd:dev:CREA:146962,real,CREA,vocal,fsd50k,real,real,fsd50k,146962,dev,1,252104565474340,train,fsd50k/FSD50K.dev_audio/146962.wav,real
el:CREA:252104565474340,synth,CREA,other,elevenlabs,elevenlabs,synth,generated,fsd:dev:CREA:146962,gen,1,252104565474340,train,synth/el_pairs/CREA/252104565474340.mp3,elevenlabs
fsd:dev:CREA:146963,real,CREA,vocal,fsd50k,real,real,fsd50k,146963,dev,1,134977809638070,train,fsd50k/FSD50K.dev_audio/146963.wav,real
el:CREA:134977809638070,synth,CREA,other,elevenlabs,elevenlabs,synth,generated,fsd:dev:CREA:146963,gen,1,134977809638070,train,synth/el_pairs/CREA/134977809638070.mp3,elevenlabs
fsd:dev:CREA:146966,real,CREA,vocal,fsd50k,real,real,fsd50k,146966,dev,1,279055447656096,train,fsd50k/FSD50K.dev_audio/146966.wav,real
el:CREA:279055447656096,synth,CREA,other,elevenlabs,elevenlabs,synth,generated,fsd:dev:CREA:146966,gen,1,279055447656096,train,synth/el_pairs/CREA/279055447656096.mp3,elevenlabs
fsd:dev:CREA:146967,real,CREA,vocal,fsd50k,real,real,fsd50k,146967,dev,1,60353329618203,train,fsd50k/FSD50K.dev_audio/146967.wav,real
el:CREA:60353329618203,synth,CREA,other,elevenlabs,elevenlabs,synth,generated,fsd:dev:CREA:146967,gen,1,60353329618203,train,synth/el_pairs/CREA/60353329618203.mp3,elevenlabs
fsd:dev:CREA:146968,real,CREA,vocal,fsd50k,real,real,fsd50k,146968,dev,1,243666903704233,train,fsd50k/FSD50K.dev_audio/146968.wav,real
el:CREA:243666903704233,synth,CREA,other,elevenlabs,elevenlabs,synth,generated,fsd:dev:CREA:146968,gen,1,243666903704233,train,synth/el_pairs/CREA/243666903704233.mp3,elevenlabs
fsd:dev:CREA:146972,real,CREA,vocal,fsd50k,real,real,fsd50k,146972,dev,1,83032190742268,train,fsd50k/FSD50K.dev_audio/146972.wav,real
el:CREA:83032190742268,synth,CREA,other,elevenlabs,elevenlabs,synth,generated,fsd:dev:CREA:146972,gen,1,83032190742268,train,synth/el_pairs/CREA/83032190742268.mp3,elevenlabs
fsd:dev:CREA:148416,real,CREA,vocal,fsd50k,real,real,fsd50k,148416,dev,1,223837188243687,val,fsd50k/FSD50K.dev_audio/148416.wav,real
el:CREA:223837188243687,synth,CREA,other,elevenlabs,elevenlabs,synth,generated,fsd:dev:CREA:148416,gen,1,223837188243687,val,synth/el_pairs/CREA/223837188243687.mp3,elevenlabs
fsd:dev:CREA:154636,real,CREA,vocal,fsd50k,real,real,fsd50k,154636,dev,1,170833113412092,train,fsd50k/FSD50K.dev_audio/154636.wav,real
el:CREA:170833113412092,synth,CREA,other,elevenlabs,elevenlabs,synth,generated,fsd:dev:CREA:154636,gen,1,170833113412092,train,synth/el_pairs/CREA/170833113412092.mp3,elevenlabs
fsd:dev:CREA:154637,real,CREA,vocal,fsd50k,real,real,fsd50k,154637,dev,1,64753327920309,train,fsd50k/FSD50K.dev_audio/154637.wav,real
el:CREA:64753327920309,synth,CREA,other,elevenlabs,elevenlabs,synth,generated,fsd:dev:CREA:154637,gen,1,64753327920309,train,synth/el_pairs/CREA/64753327920309.mp3,elevenlabs
fsd:dev:CRSH:109398,real,CRSH,transient,fsd50k,real,real,fsd50k,109398,dev,1,137581498345513,train,fsd50k/FSD50K.dev_audio/109398.wav,real
el:CRSH:137581498345513,synth,CRSH,other,elevenlabs,elevenlabs,synth,generated,fsd:dev:CRSH:109398,gen,1,137581498345513,train,synth/el_pairs/CRSH/137581498345513.mp3,elevenlabs
fsd:dev:CRSH:124186,real,CRSH,transient,fsd50k,real,real,fsd50k,124186,dev,1,77521754102077,train,fsd50k/FSD50K.dev_audio/124186.wav,real
el:CRSH:77521754102077,synth,CRSH,other,elevenlabs,elevenlabs,synth,generated,fsd:dev:CRSH:124186,gen,1,77521754102077,train,synth/el_pairs/CRSH/77521754102077.mp3,elevenlabs
fsd:dev:CRSH:124190,real,CRSH,transient,fsd50k,real,real,fsd50k,124190,dev,1,277337623329394,train,fsd50k/FSD50K.dev_audio/124190.wav,real
el:CRSH:277337623329394,synth,CRSH,other,elevenlabs,elevenlabs,synth,generated,fsd:dev:CRSH:124190,gen,1,277337623329394,train,synth/el_pairs/CRSH/277337623329394.mp3,elevenlabs
fsd:dev:CRSH:124193,real,CRSH,transient,fsd50k,real,real,fsd50k,124193,dev,1,36535540486378,train,fsd50k/FSD50K.dev_audio/124193.wav,real
el:CRSH:36535540486378,synth,CRSH,other,elevenlabs,elevenlabs,synth,generated,fsd:dev:CRSH:124193,gen,1,36535540486378,train,synth/el_pairs/CRSH/36535540486378.mp3,elevenlabs
fsd:dev:CRSH:124194,real,CRSH,transient,fsd50k,real,real,fsd50k,124194,dev,1,69816525539534,train,fsd50k/FSD50K.dev_audio/124194.wav,real
el:CRSH:69816525539534,synth,CRSH,other,elevenlabs,elevenlabs,synth,generated,fsd:dev:CRSH:124194,gen,1,69816525539534,train,synth/el_pairs/CRSH/69816525539534.mp3,elevenlabs
fsd:dev:CRSH:124195,real,CRSH,transient,fsd50k,real,real,fsd50k,124195,dev,1,201288609477563,train,fsd50k/FSD50K.dev_audio/124195.wav,real
el:CRSH:201288609477563,synth,CRSH,other,elevenlabs,elevenlabs,synth,generated,fsd:dev:CRSH:124195,gen,1,201288609477563,train,synth/el_pairs/CRSH/201288609477563.mp3,elevenlabs
fsd:dev:CRSH:135712,real,CRSH,transient,fsd50k,real,real,fsd50k,135712,dev,1,200267305420834,train,fsd50k/FSD50K.dev_audio/135712.wav,real
el:CRSH:200267305420834,synth,CRSH,other,elevenlabs,elevenlabs,synth,generated,fsd:dev:CRSH:135712,gen,1,200267305420834,train,synth/el_pairs/CRSH/200267305420834.mp3,elevenlabs
fsd:dev:CRSH:148072,real,CRSH,transient,fsd50k,real,real,fsd50k,148072,dev,1,7179437955016,train,fsd50k/FSD50K.dev_audio/148072.wav,real
el:CRSH:7179437955016,synth,CRSH,other,elevenlabs,elevenlabs,synth,generated,fsd:dev:CRSH:148072,gen,1,7179437955016,train,synth/el_pairs/CRSH/7179437955016.mp3,elevenlabs
fsd:dev:CRSH:151673,real,CRSH,transient,fsd50k,real,real,fsd50k,151673,dev,1,65419604848773,val,fsd50k/FSD50K.dev_audio/151673.wav,real
el:CRSH:65419604848773,synth,CRSH,other,elevenlabs,elevenlabs,synth,generated,fsd:dev:CRSH:151673,gen,1,65419604848773,val,synth/el_pairs/CRSH/65419604848773.mp3,elevenlabs
fsd:dev:CRSH:188393,real,CRSH,transient,fsd50k,real,real,fsd50k,188393,dev,1,222081345515464,train,fsd50k/FSD50K.dev_audio/188393.wav,real
el:CRSH:222081345515464,synth,CRSH,other,elevenlabs,elevenlabs,synth,generated,fsd:dev:CRSH:188393,gen,1,222081345515464,train,synth/el_pairs/CRSH/222081345515464.mp3,elevenlabs
fsd:dev:CRSH:188396,real,CRSH,transient,fsd50k,real,real,fsd50k,188396,dev,1,73246430641903,train,fsd50k/FSD50K.dev_audio/188396.wav,real
el:CRSH:73246430641903,synth,CRSH,other,elevenlabs,elevenlabs,synth,generated,fsd:dev:CRSH:188396,gen,1,73246430641903,train,synth/el_pairs/CRSH/73246430641903.mp3,elevenlabs
fsd:dev:CRSH:188397,real,CRSH,transient,fsd50k,real,real,fsd50k,188397,dev,1,21753711328012,train,fsd50k/FSD50K.dev_audio/188397.wav,real
el:CRSH:21753711328012,synth,CRSH,other,elevenlabs,elevenlabs,synth,generated,fsd:dev:CRSH:188397,gen,1,21753711328012,train,synth/el_pairs/CRSH/21753711328012.mp3,elevenlabs
fsd:dev:CRSH:203378,real,CRSH,transient,fsd50k,real,real,fsd50k,203378,dev,1,261707163089889,train,fsd50k/FSD50K.dev_audio/203378.wav,real
el:CRSH:261707163089889,synth,CRSH,other,elevenlabs,elevenlabs,synth,generated,fsd:dev:CRSH:203378,gen,1,261707163089889,train,synth/el_pairs/CRSH/261707163089889.mp3,elevenlabs
fsd:dev:CRSH:204031,real,CRSH,transient,fsd50k,real,real,fsd50k,204031,dev,1,36105901703840,train,fsd50k/FSD50K.dev_audio/204031.wav,real
el:CRSH:36105901703840,synth,CRSH,other,elevenlabs,elevenlabs,synth,generated,fsd:dev:CRSH:204031,gen,1,36105901703840,train,synth/el_pairs/CRSH/36105901703840.mp3,elevenlabs
fsd:dev:CRSH:204126,real,CRSH,transient,fsd50k,real,real,fsd50k,204126,dev,1,218419855277368,train,fsd50k/FSD50K.dev_audio/204126.wav,real
el:CRSH:218419855277368,synth,CRSH,other,elevenlabs,elevenlabs,synth,generated,fsd:dev:CRSH:204126,gen,1,218419855277368,train,synth/el_pairs/CRSH/218419855277368.mp3,elevenlabs
fsd:dev:CRSH:205556,real,CRSH,transient,fsd50k,real,real,fsd50k,205556,dev,1,34423502224166,train,fsd50k/FSD50K.dev_audio/205556.wav,real
el:CRSH:34423502224166,synth,CRSH,other,elevenlabs,elevenlabs,synth,generated,fsd:dev:CRSH:205556,gen,1,34423502224166,train,synth/el_pairs/CRSH/34423502224166.mp3,elevenlabs
fsd:dev:CRSH:205557,real,CRSH,transient,fsd50k,real,real,fsd50k,205557,dev,1,22530316180566,train,fsd50k/FSD50K.dev_audio/205557.wav,real
el:CRSH:22530316180566,synth,CRSH,other,elevenlabs,elevenlabs,synth,generated,fsd:dev:CRSH:205557,gen,1,22530316180566,train,synth/el_pairs/CRSH/22530316180566.mp3,elevenlabs
fsd:dev:CRSH:211163,real,CRSH,transient,fsd50k,real,real,fsd50k,211163,dev,1,227746378106535,train,fsd50k/FSD50K.dev_audio/211163.wav,real
el:CRSH:227746378106535,synth,CRSH,other,elevenlabs,elevenlabs,synth,generated,fsd:dev:CRSH:211163,gen,1,227746378106535,train,synth/el_pairs/CRSH/227746378106535.mp3,elevenlabs
fsd:dev:CRSH:211165,real,CRSH,transient,fsd50k,real,real,fsd50k,211165,dev,1,255924658070695,train,fsd50k/FSD50K.dev_audio/211165.wav,real
el:CRSH:255924658070695,synth,CRSH,other,elevenlabs,elevenlabs,synth,generated,fsd:dev:CRSH:211165,gen,1,255924658070695,train,synth/el_pairs/CRSH/255924658070695.mp3,elevenlabs
fsd:dev:CRSH:219042,real,CRSH,transient,fsd50k,real,real,fsd50k,219042,dev,1,143295670905068,train,fsd50k/FSD50K.dev_audio/219042.wav,real
el:CRSH:143295670905068,synth,CRSH,other,elevenlabs,elevenlabs,synth,generated,fsd:dev:CRSH:219042,gen,1,143295670905068,train,synth/el_pairs/CRSH/143295670905068.mp3,elevenlabs
fsd:dev:CRWD:101309,real,CRWD,ambience,fsd50k,real,real,fsd50k,101309,dev,1,148470257875718,train,fsd50k/FSD50K.dev_audio/101309.wav,real
el:CRWD:148470257875718,synth,CRWD,other,elevenlabs,elevenlabs,synth,generated,fsd:dev:CRWD:101309,gen,1,148470257875718,train,synth/el_pairs/CRWD/148470257875718.mp3,elevenlabs
fsd:dev:CRWD:101310,real,CRWD,ambience,fsd50k,real,real,fsd50k,101310,dev,1,198283183188163,train,fsd50k/FSD50K.dev_audio/101310.wav,real
el:CRWD:198283183188163,synth,CRWD,other,elevenlabs,elevenlabs,synth,generated,fsd:dev:CRWD:101310,gen,1,198283183188163,train,synth/el_pairs/CRWD/198283183188163.mp3,elevenlabs
fsd:dev:CRWD:101311,real,CRWD,ambience,fsd50k,real,real,fsd50k,101311,dev,1,105532928762254,train,fsd50k/FSD50K.dev_audio/101311.wav,real
el:CRWD:105532928762254,synth,CRWD,other,elevenlabs,elevenlabs,synth,generated,fsd:dev:CRWD:101311,gen,1,105532928762254,train,synth/el_pairs/CRWD/105532928762254.mp3,elevenlabs
fsd:dev:CRWD:101312,real,CRWD,ambience,fsd50k,real,real,fsd50k,101312,dev,1,139874424122658,train,fsd50k/FSD50K.dev_audio/101312.wav,real
el:CRWD:139874424122658,synth,CRWD,other,elevenlabs,elevenlabs,synth,generated,fsd:dev:CRWD:101312,gen,1,139874424122658,train,synth/el_pairs/CRWD/139874424122658.mp3,elevenlabs
fsd:dev:CRWD:101313,real,CRWD,ambience,fsd50k,real,real,fsd50k,101313,dev,1,97501099095988,train,fsd50k/FSD50K.dev_audio/101313.wav,real
el:CRWD:97501099095988,synth,CRWD,other,elevenlabs,elevenlabs,synth,generated,fsd:dev:CRWD:101313,gen,1,97501099095988,train,synth/el_pairs/CRWD/97501099095988.mp3,elevenlabs
fsd:dev:CRWD:101314,real,CRWD,ambience,fsd50k,real,real,fsd50k,101314,dev,1,190479290542820,train,fsd50k/FSD50K.dev_audio/101314.wav,real
el:CRWD:190479290542820,synth,CRWD,other,elevenlabs,elevenlabs,synth,generated,fsd:dev:CRWD:101314,gen,1,190479290542820,train,synth/el_pairs/CRWD/190479290542820.mp3,elevenlabs
fsd:dev:CRWD:101315,real,CRWD,ambience,fsd50k,real,real,fsd50k,101315,dev,1,24141690142981,train,fsd50k/FSD50K.dev_audio/101315.wav,real
el:CRWD:24141690142981,synth,CRWD,other,elevenlabs,elevenlabs,synth,generated,fsd:dev:CRWD:101315,gen,1,24141690142981,train,synth/el_pairs/CRWD/24141690142981.mp3,elevenlabs
fsd:dev:CRWD:101318,real,CRWD,ambience,fsd50k,real,real,fsd50k,101318,dev,1,274324731453416,train,fsd50k/FSD50K.dev_audio/101318.wav,real
el:CRWD:274324731453416,synth,CRWD,other,elevenlabs,elevenlabs,synth,generated,fsd:dev:CRWD:101318,gen,1,274324731453416,train,synth/el_pairs/CRWD/274324731453416.mp3,elevenlabs
fsd:dev:CRWD:101319,real,CRWD,ambience,fsd50k,real,real,fsd50k,101319,dev,1,98833021416739,train,fsd50k/FSD50K.dev_audio/101319.wav,real
el:CRWD:98833021416739,synth,CRWD,other,elevenlabs,elevenlabs,synth,generated,fsd:dev:CRWD:101319,gen,1,98833021416739,train,synth/el_pairs/CRWD/98833021416739.mp3,elevenlabs
fsd:dev:CRWD:102847,real,CRWD,ambience,fsd50k,real,real,fsd50k,102847,dev,1,39654619485420,train,fsd50k/FSD50K.dev_audio/102847.wav,real
el:CRWD:39654619485420,synth,CRWD,other,elevenlabs,elevenlabs,synth,generated,fsd:dev:CRWD:102847,gen,1,39654619485420,train,synth/el_pairs/CRWD/39654619485420.mp3,elevenlabs
fsd:dev:CRWD:107635,real,CRWD,ambience,fsd50k,real,real,fsd50k,107635,dev,1,243426311867307,train,fsd50k/FSD50K.dev_audio/107635.wav,real
fsd:dev:CRWD:108638,real,CRWD,ambience,fsd50k,real,real,fsd50k,108638,dev,1,37978522532896,train,fsd50k/FSD50K.dev_audio/108638.wav,real
el:CRWD:37978522532896,synth,CRWD,other,elevenlabs,elevenlabs,synth,generated,fsd:dev:CRWD:108638,gen,1,37978522532896,train,synth/el_pairs/CRWD/37978522532896.mp3,elevenlabs
fsd:dev:CRWD:112254,real,CRWD,ambience,fsd50k,real,real,fsd50k,112254,dev,1,4614521075216,train,fsd50k/FSD50K.dev_audio/112254.wav,real
el:CRWD:4614521075216,synth,CRWD,other,elevenlabs,elevenlabs,synth,generated,fsd:dev:CRWD:112254,gen,1,4614521075216,train,synth/el_pairs/CRWD/4614521075216.mp3,elevenlabs
fsd:dev:CRWD:112257,real,CRWD,ambience,fsd50k,real,real,fsd50k,112257,dev,1,36357498086422,train,fsd50k/FSD50K.dev_audio/112257.wav,real
el:CRWD:36357498086422,synth,CRWD,other,elevenlabs,elevenlabs,synth,generated,fsd:dev:CRWD:112257,gen,1,36357498086422,train,synth/el_pairs/CRWD/36357498086422.mp3,elevenlabs
fsd:dev:CRWD:112263,real,CRWD,ambience,fsd50k,real,real,fsd50k,112263,dev,1,269036567620794,train,fsd50k/FSD50K.dev_audio/112263.wav,real
el:CRWD:269036567620794,synth,CRWD,other,elevenlabs,elevenlabs,synth,generated,fsd:dev:CRWD:112263,gen,1,269036567620794,train,synth/el_pairs/CRWD/269036567620794.mp3,elevenlabs
fsd:dev:CRWD:112266,real,CRWD,ambience,fsd50k,real,real,fsd50k,112266,dev,1,107156513350029,train,fsd50k/FSD50K.dev_audio/112266.wav,real
el:CRWD:107156513350029,synth,CRWD,other,elevenlabs,elevenlabs,synth,generated,fsd:dev:CRWD:112266,gen,1,107156513350029,train,synth/el_pairs/CRWD/107156513350029.mp3,elevenlabs
fsd:dev:CRWD:112268,real,CRWD,ambience,fsd50k,real,real,fsd50k,112268,dev,1,121691438328063,train,fsd50k/FSD50K.dev_audio/112268.wav,real
el:CRWD:121691438328063,synth,CRWD,other,elevenlabs,elevenlabs,synth,generated,fsd:dev:CRWD:112268,gen,1,121691438328063,train,synth/el_pairs/CRWD/121691438328063.mp3,elevenlabs
fsd:dev:CRWD:112280,real,CRWD,ambience,fsd50k,real,real,fsd50k,112280,dev,1,238828880605206,train,fsd50k/FSD50K.dev_audio/112280.wav,real
el:CRWD:238828880605206,synth,CRWD,other,elevenlabs,elevenlabs,synth,generated,fsd:dev:CRWD:112280,gen,1,238828880605206,train,synth/el_pairs/CRWD/238828880605206.mp3,elevenlabs
fsd:dev:CRWD:112281,real,CRWD,ambience,fsd50k,real,real,fsd50k,112281,dev,1,182839437170173,train,fsd50k/FSD50K.dev_audio/112281.wav,real
el:CRWD:182839437170173,synth,CRWD,other,elevenlabs,elevenlabs,synth,generated,fsd:dev:CRWD:112281,gen,1,182839437170173,train,synth/el_pairs/CRWD/182839437170173.mp3,elevenlabs
fsd:dev:CRWD:112285,real,CRWD,ambience,fsd50k,real,real,fsd50k,112285,dev,1,187897686397153,train,fsd50k/FSD50K.dev_audio/112285.wav,real
el:CRWD:187897686397153,synth,CRWD,other,elevenlabs,elevenlabs,synth,generated,fsd:dev:CRWD:112285,gen,1,187897686397153,train,synth/el_pairs/CRWD/187897686397153.mp3,elevenlabs
fsd:dev:DOOR:107640,real,DOOR,transient,fsd50k,real,real,fsd50k,107640,dev,1,178791061295407,train,fsd50k/FSD50K.dev_audio/107640.wav,real
el:DOOR:178791061295407,synth,DOOR,other,elevenlabs,elevenlabs,synth,generated,fsd:dev:DOOR:107640,gen,1,178791061295407,train,synth/el_pairs/DOOR/178791061295407.mp3,elevenlabs
fsd:dev:DOOR:108402,real,DOOR,transient,fsd50k,real,real,fsd50k,108402,dev,1,82070069687627,train,fsd50k/FSD50K.dev_audio/108402.wav,real
el:DOOR:82070069687627,synth,DOOR,other,elevenlabs,elevenlabs,synth,generated,fsd:dev:DOOR:108402,gen,1,82070069687627,train,synth/el_pairs/DOOR/82070069687627.mp3,elevenlabs
fsd:dev:DOOR:108516,real,DOOR,transient,fsd50k,real,real,fsd50k,108516,dev,1,230332962590760,val,fsd50k/FSD50K.dev_audio/108516.wav,real
el:DOOR:230332962590760,synth,DOOR,other,elevenlabs,elevenlabs,synth,generated,fsd:dev:DOOR:108516,gen,1,230332962590760,val,synth/el_pairs/DOOR/230332962590760.mp3,elevenlabs
fsd:dev:DOOR:108523,real,DOOR,transient,fsd50k,real,real,fsd50k,108523,dev,1,188793987848535,val,fsd50k/FSD50K.dev_audio/108523.wav,real
el:DOOR:188793987848535,synth,DOOR,other,elevenlabs,elevenlabs,synth,generated,fsd:dev:DOOR:108523,gen,1,188793987848535,val,synth/el_pairs/DOOR/188793987848535.mp3,elevenlabs
fsd:dev:DOOR:109312,real,DOOR,transient,fsd50k,real,real,fsd50k,109312,dev,1,166328978260482,train,fsd50k/FSD50K.dev_audio/109312.wav,real
el:DOOR:166328978260482,synth,DOOR,other,elevenlabs,elevenlabs,synth,generated,fsd:dev:DOOR:109312,gen,1,166328978260482,train,synth/el_pairs/DOOR/166328978260482.mp3,elevenlabs
fsd:dev:DOOR:113125,real,DOOR,transient,fsd50k,real,real,fsd50k,113125,dev,1,38836334994927,train,fsd50k/FSD50K.dev_audio/113125.wav,real
el:DOOR:38836334994927,synth,DOOR,other,elevenlabs,elevenlabs,synth,generated,fsd:dev:DOOR:113125,gen,1,38836334994927,train,synth/el_pairs/DOOR/38836334994927.mp3,elevenlabs
fsd:dev:DOOR:113129,real,DOOR,transient,fsd50k,real,real,fsd50k,113129,dev,1,173734755272558,train,fsd50k/FSD50K.dev_audio/113129.wav,real
el:DOOR:173734755272558,synth,DOOR,other,elevenlabs,elevenlabs,synth,generated,fsd:dev:DOOR:113129,gen,1,173734755272558,train,synth/el_pairs/DOOR/173734755272558.mp3,elevenlabs
fsd:dev:DOOR:113131,real,DOOR,transient,fsd50k,real,real,fsd50k,113131,dev,1,171953012444688,train,fsd50k/FSD50K.dev_audio/113131.wav,real
el:DOOR:171953012444688,synth,DOOR,other,elevenlabs,elevenlabs,synth,generated,fsd:dev:DOOR:113131,gen,1,171953012444688,train,synth/el_pairs/DOOR/171953012444688.mp3,elevenlabs
fsd:dev:DOOR:113136,real,DOOR,transient,fsd50k,real,real,fsd50k,113136,dev,1,279380767128790,train,fsd50k/FSD50K.dev_audio/113136.wav,real
el:DOOR:279380767128790,synth,DOOR,other,elevenlabs,elevenlabs,synth,generated,fsd:dev:DOOR:113136,gen,1,279380767128790,train,synth/el_pairs/DOOR/279380767128790.mp3,elevenlabs
fsd:dev:DOOR:113138,real,DOOR,transient,fsd50k,real,real,fsd50k,113138,dev,1,33565016540563,train,fsd50k/FSD50K.dev_audio/113138.wav,real
el:DOOR:33565016540563,synth,DOOR,other,elevenlabs,elevenlabs,synth,generated,fsd:dev:DOOR:113138,gen,1,33565016540563,train,synth/el_pairs/DOOR/33565016540563.mp3,elevenlabs
fsd:dev:DOOR:114041,real,DOOR,transient,fsd50k,real,real,fsd50k,114041,dev,1,23763393566550,train,fsd50k/FSD50K.dev_audio/114041.wav,real
el:DOOR:23763393566550,synth,DOOR,other,elevenlabs,elevenlabs,synth,generated,fsd:dev:DOOR:114041,gen,1,23763393566550,train,synth/el_pairs/DOOR/23763393566550.mp3,elevenlabs
fsd:dev:DOOR:114042,real,DOOR,transient,fsd50k,real,real,fsd50k,114042,dev,1,80961011186245,train,fsd50k/FSD50K.dev_audio/114042.wav,real
el:DOOR:80961011186245,synth,DOOR,other,elevenlabs,elevenlabs,synth,generated,fsd:dev:DOOR:114042,gen,1,80961011186245,train,synth/el_pairs/DOOR/80961011186245.mp3,elevenlabs
fsd:dev:DOOR:120911,real,DOOR,transient,fsd50k,real,real,fsd50k,120911,dev,1,48930525110969,train,fsd50k/FSD50K.dev_audio/120911.wav,real
el:DOOR:48930525110969,synth,DOOR,other,elevenlabs,elevenlabs,synth,generated,fsd:dev:DOOR:120911,gen,1,48930525110969,train,synth/el_pairs/DOOR/48930525110969.mp3,elevenlabs
fsd:dev:DOOR:123001,real,DOOR,transient,fsd50k,real,real,fsd50k,123001,dev,1,207634845693047,train,fsd50k/FSD50K.dev_audio/123001.wav,real
el:DOOR:207634845693047,synth,DOOR,other,elevenlabs,elevenlabs,synth,generated,fsd:dev:DOOR:123001,gen,1,207634845693047,train,synth/el_pairs/DOOR/207634845693047.mp3,elevenlabs
fsd:dev:DOOR:123007,real,DOOR,transient,fsd50k,real,real,fsd50k,123007,dev,1,106823586207337,train,fsd50k/FSD50K.dev_audio/123007.wav,real
el:DOOR:106823586207337,synth,DOOR,other,elevenlabs,elevenlabs,synth,generated,fsd:dev:DOOR:123007,gen,1,106823586207337,train,synth/el_pairs/DOOR/106823586207337.mp3,elevenlabs
fsd:dev:DOOR:125657,real,DOOR,transient,fsd50k,real,real,fsd50k,125657,dev,1,158787767827660,train,fsd50k/FSD50K.dev_audio/125657.wav,real
el:DOOR:158787767827660,synth,DOOR,other,elevenlabs,elevenlabs,synth,generated,fsd:dev:DOOR:125657,gen,1,158787767827660,train,synth/el_pairs/DOOR/158787767827660.mp3,elevenlabs
fsd:dev:DOOR:125957,real,DOOR,transient,fsd50k,real,real,fsd50k,125957,dev,1,102898063714363,train,fsd50k/FSD50K.dev_audio/125957.wav,real
el:DOOR:102898063714363,synth,DOOR,other,elevenlabs,elevenlabs,synth,generated,fsd:dev:DOOR:125957,gen,1,102898063714363,train,synth/el_pairs/DOOR/102898063714363.mp3,elevenlabs
fsd:dev:DOOR:131016,real,DOOR,transient,fsd50k,real,real,fsd50k,131016,dev,1,272831095264314,train,fsd50k/FSD50K.dev_audio/131016.wav,real
el:DOOR:272831095264314,synth,DOOR,other,elevenlabs,elevenlabs,synth,generated,fsd:dev:DOOR:131016,gen,1,272831095264314,train,synth/el_pairs/DOOR/272831095264314.mp3,elevenlabs
fsd:dev:DOOR:131020,real,DOOR,transient,fsd50k,real,real,fsd50k,131020,dev,1,67271204857317,train,fsd50k/FSD50K.dev_audio/131020.wav,real
el:DOOR:67271204857317,synth,DOOR,other,elevenlabs,elevenlabs,synth,generated,fsd:dev:DOOR:131020,gen,1,67271204857317,train,synth/el_pairs/DOOR/67271204857317.mp3,elevenlabs
fsd:dev:DOOR:131021,real,DOOR,transient,fsd50k,real,real,fsd50k,131021,dev,1,271325699585512,train,fsd50k/FSD50K.dev_audio/131021.wav,real
el:DOOR:271325699585512,synth,DOOR,other,elevenlabs,elevenlabs,synth,generated,fsd:dev:DOOR:131021,gen,1,271325699585512,train,synth/el_pairs/DOOR/271325699585512.mp3,elevenlabs
fsd:dev:DSHS:11581,real,DSHS,transient,fsd50k,real,real,fsd50k,11581,dev,1,209263632963548,train,fsd50k/FSD50K.dev_audio/11581.wav,real
el:DSHS:209263632963548,synth,DSHS,other,elevenlabs,elevenlabs,synth,generated,fsd:dev:DSHS:11581,gen,1,209263632963548,train,synth/el_pairs/DSHS/209263632963548.mp3,elevenlabs
fsd:dev:DSHS:11585,real,DSHS,transient,fsd50k,real,real,fsd50k,11585,dev,1,250251274153116,train,fsd50k/FSD50K.dev_audio/11585.wav,real
el:DSHS:250251274153116,synth,DSHS,other,elevenlabs,elevenlabs,synth,generated,fsd:dev:DSHS:11585,gen,1,250251274153116,train,synth/el_pairs/DSHS/250251274153116.mp3,elevenlabs
fsd:dev:DSHS:11592,real,DSHS,transient,fsd50k,real,real,fsd50k,11592,dev,1,21544439064745,train,fsd50k/FSD50K.dev_audio/11592.wav,real
el:DSHS:21544439064745,synth,DSHS,other,elevenlabs,elevenlabs,synth,generated,fsd:dev:DSHS:11592,gen,1,21544439064745,train,synth/el_pairs/DSHS/21544439064745.mp3,elevenlabs
fsd:dev:DSHS:11593,real,DSHS,transient,fsd50k,real,real,fsd50k,11593,dev,1,1103077539094,train,fsd50k/FSD50K.dev_audio/11593.wav,real
el:DSHS:1103077539094,synth,DSHS,other,elevenlabs,elevenlabs,synth,generated,fsd:dev:DSHS:11593,gen,1,1103077539094,train,synth/el_pairs/DSHS/1103077539094.mp3,elevenlabs
fsd:dev:DSHS:11878,real,DSHS,transient,fsd50k,real,real,fsd50k,11878,dev,1,116938097583127,train,fsd50k/FSD50K.dev_audio/11878.wav,real
el:DSHS:116938097583127,synth,DSHS,other,elevenlabs,elevenlabs,synth,generated,fsd:dev:DSHS:11878,gen,1,116938097583127,train,synth/el_pairs/DSHS/116938097583127.mp3,elevenlabs
fsd:dev:DSHS:131879,real,DSHS,transient,fsd50k,real,real,fsd50k,131879,dev,1,148772018692709,val,fsd50k/FSD50K.dev_audio/131879.wav,real
el:DSHS:148772018692709,synth,DSHS,other,elevenlabs,elevenlabs,synth,generated,fsd:dev:DSHS:131879,gen,1,148772018692709,val,synth/el_pairs/DSHS/148772018692709.mp3,elevenlabs
fsd:dev:DSHS:175963,real,DSHS,transient,fsd50k,real,real,fsd50k,175963,dev,1,139180199387142,train,fsd50k/FSD50K.dev_audio/175963.wav,real
el:DSHS:139180199387142,synth,DSHS,other,elevenlabs,elevenlabs,synth,generated,fsd:dev:DSHS:175963,gen,1,139180199387142,train,synth/el_pairs/DSHS/139180199387142.mp3,elevenlabs
fsd:dev:DSHS:179172,real,DSHS,transient,fsd50k,real,real,fsd50k,179172,dev,1,37102445925221,train,fsd50k/FSD50K.dev_audio/179172.wav,real
el:DSHS:37102445925221,synth,DSHS,other,elevenlabs,elevenlabs,synth,generated,fsd:dev:DSHS:179172,gen,1,37102445925221,train,synth/el_pairs/DSHS/37102445925221.mp3,elevenlabs
fsd:dev:DSHS:179173,real,DSHS,transient,fsd50k,real,real,fsd50k,179173,dev,1,55250254537307,train,fsd50k/FSD50K.dev_audio/179173.wav,real
el:DSHS:55250254537307,synth,DSHS,other,elevenlabs,elevenlabs,synth,generated,fsd:dev:DSHS:179173,gen,1,55250254537307,train,synth/el_pairs/DSHS/55250254537307.mp3,elevenlabs
fsd:dev:DSHS:179174,real,DSHS,transient,fsd50k,real,real,fsd50k,179174,dev,1,76873247561971,train,fsd50k/FSD50K.dev_audio/179174.wav,real
el:DSHS:76873247561971,synth,DSHS,other,elevenlabs,elevenlabs,synth,generated,fsd:dev:DSHS:179174,gen,1,76873247561971,train,synth/el_pairs/DSHS/76873247561971.mp3,elevenlabs
fsd:dev:DSHS:179177,real,DSHS,transient,fsd50k,real,real,fsd50k,179177,dev,1,245870731249040,train,fsd50k/FSD50K.dev_audio/179177.wav,real
el:DSHS:245870731249040,synth,DSHS,other,elevenlabs,elevenlabs,synth,generated,fsd:dev:DSHS:179177,gen,1,245870731249040,train,synth/el_pairs/DSHS/245870731249040.mp3,elevenlabs
fsd:dev:DSHS:179187,real,DSHS,transient,fsd50k,real,real,fsd50k,179187,dev,1,217118681977138,train,fsd50k/FSD50K.dev_audio/179187.wav,real
el:DSHS:217118681977138,synth,DSHS,other,elevenlabs,elevenlabs,synth,generated,fsd:dev:DSHS:179187,gen,1,217118681977138,train,synth/el_pairs/DSHS/217118681977138.mp3,elevenlabs
fsd:dev:DSHS:180991,real,DSHS,transient,fsd50k,real,real,fsd50k,180991,dev,1,199257178473921,train,fsd50k/FSD50K.dev_audio/180991.wav,real
el:DSHS:199257178473921,synth,DSHS,other,elevenlabs,elevenlabs,synth,generated,fsd:dev:DSHS:180991,gen,1,199257178473921,train,synth/el_pairs/DSHS/199257178473921.mp3,elevenlabs
fsd:dev:DSHS:181716,real,DSHS,transient,fsd50k,real,real,fsd50k,181716,dev,1,117913090004722,val,fsd50k/FSD50K.dev_audio/181716.wav,real
el:DSHS:117913090004722,synth,DSHS,other,elevenlabs,elevenlabs,synth,generated,fsd:dev:DSHS:181716,gen,1,117913090004722,val,synth/el_pairs/DSHS/117913090004722.mp3,elevenlabs
fsd:dev:DSHS:188756,real,DSHS,transient,fsd50k,real,real,fsd50k,188756,dev,1,192641718641018,train,fsd50k/FSD50K.dev_audio/188756.wav,real
el:DSHS:192641718641018,synth,DSHS,other,elevenlabs,elevenlabs,synth,generated,fsd:dev:DSHS:188756,gen,1,192641718641018,train,synth/el_pairs/DSHS/192641718641018.mp3,elevenlabs
fsd:dev:DSHS:188762,real,DSHS,transient,fsd50k,real,real,fsd50k,188762,dev,1,26054089177897,train,fsd50k/FSD50K.dev_audio/188762.wav,real
el:DSHS:26054089177897,synth,DSHS,other,elevenlabs,elevenlabs,synth,generated,fsd:dev:DSHS:188762,gen,1,26054089177897,train,synth/el_pairs/DSHS/26054089177897.mp3,elevenlabs
fsd:dev:DSHS:188763,real,DSHS,transient,fsd50k,real,real,fsd50k,188763,dev,1,26243787487716,train,fsd50k/FSD50K.dev_audio/188763.wav,real
el:DSHS:26243787487716,synth,DSHS,other,elevenlabs,elevenlabs,synth,generated,fsd:dev:DSHS:188763,gen,1,26243787487716,train,synth/el_pairs/DSHS/26243787487716.mp3,elevenlabs
fsd:dev:DSHS:201998,real,DSHS,transient,fsd50k,real,real,fsd50k,201998,dev,1,50943585929210,train,fsd50k/FSD50K.dev_audio/201998.wav,real
el:DSHS:50943585929210,synth,DSHS,other,elevenlabs,elevenlabs,synth,generated,fsd:dev:DSHS:201998,gen,1,50943585929210,train,synth/el_pairs/DSHS/50943585929210.mp3,elevenlabs
fsd:dev:DSHS:202009,real,DSHS,transient,fsd50k,real,real,fsd50k,202009,dev,1,249220621868822,train,fsd50k/FSD50K.dev_audio/202009.wav,real
el:DSHS:249220621868822,synth,DSHS,other,elevenlabs,elevenlabs,synth,generated,fsd:dev:DSHS:202009,gen,1,249220621868822,train,synth/el_pairs/DSHS/249220621868822.mp3,elevenlabs
fsd:dev:DSHS:202010,real,DSHS,transient,fsd50k,real,real,fsd50k,202010,dev,1,279476742876431,train,fsd50k/FSD50K.dev_audio/202010.wav,real
el:DSHS:279476742876431,synth,DSHS,other,elevenlabs,elevenlabs,synth,generated,fsd:dev:DSHS:202010,gen,1,279476742876431,train,synth/el_pairs/DSHS/279476742876431.mp3,elevenlabs
fsd:dev:ELEC:105235,real,ELEC,texture,fsd50k,real,real,fsd50k,105235,dev,1,106003630532022,train,fsd50k/FSD50K.dev_audio/105235.wav,real
el:ELEC:106003630532022,synth,ELEC,other,elevenlabs,elevenlabs,synth,generated,fsd:dev:ELEC:105235,gen,1,106003630532022,train,synth/el_pairs/ELEC/106003630532022.mp3,elevenlabs
fsd:dev:ELEC:105236,real,ELEC,texture,fsd50k,real,real,fsd50k,105236,dev,1,273268635804391,train,fsd50k/FSD50K.dev_audio/105236.wav,real
el:ELEC:273268635804391,synth,ELEC,other,elevenlabs,elevenlabs,synth,generated,fsd:dev:ELEC:105236,gen,1,273268635804391,train,synth/el_pairs/ELEC/273268635804391.mp3,elevenlabs
fsd:dev:ELEC:13533,real,ELEC,texture,fsd50k,real,real,fsd50k,13533,dev,1,21805144688687,train,fsd50k/FSD50K.dev_audio/13533.wav,real
el:ELEC:21805144688687,synth,ELEC,other,elevenlabs,elevenlabs,synth,generated,fsd:dev:ELEC:13533,gen,1,21805144688687,train,synth/el_pairs/ELEC/21805144688687.mp3,elevenlabs
fsd:dev:ELEC:144017,real,ELEC,texture,fsd50k,real,real,fsd50k,144017,dev,1,254345037277882,train,fsd50k/FSD50K.dev_audio/144017.wav,real
el:ELEC:254345037277882,synth,ELEC,other,elevenlabs,elevenlabs,synth,generated,fsd:dev:ELEC:144017,gen,1,254345037277882,train,synth/el_pairs/ELEC/254345037277882.mp3,elevenlabs
fsd:dev:ELEC:170758,real,ELEC,texture,fsd50k,real,real,fsd50k,170758,dev,1,170999233932042,val,fsd50k/FSD50K.dev_audio/170758.wav,real
el:ELEC:170999233932042,synth,ELEC,other,elevenlabs,elevenlabs,synth,generated,fsd:dev:ELEC:170758,gen,1,170999233932042,val,synth/el_pairs/ELEC/170999233932042.mp3,elevenlabs
fsd:dev:ELEC:170759,real,ELEC,texture,fsd50k,real,real,fsd50k,170759,dev,1,129772456810150,val,fsd50k/FSD50K.dev_audio/170759.wav,real
el:ELEC:129772456810150,synth,ELEC,other,elevenlabs,elevenlabs,synth,generated,fsd:dev:ELEC:170759,gen,1,129772456810150,val,synth/el_pairs/ELEC/129772456810150.mp3,elevenlabs
fsd:dev:ELEC:170760,real,ELEC,texture,fsd50k,real,real,fsd50k,170760,dev,1,48559361354970,val,fsd50k/FSD50K.dev_audio/170760.wav,real
el:ELEC:48559361354970,synth,ELEC,other,elevenlabs,elevenlabs,synth,generated,fsd:dev:ELEC:170760,gen,1,48559361354970,val,synth/el_pairs/ELEC/48559361354970.mp3,elevenlabs
fsd:dev:ELEC:18651,real,ELEC,texture,fsd50k,real,real,fsd50k,18651,dev,1,151009953433674,train,fsd50k/FSD50K.dev_audio/18651.wav,real
el:ELEC:151009953433674,synth,ELEC,other,elevenlabs,elevenlabs,synth,generated,fsd:dev:ELEC:18651,gen,1,151009953433674,train,synth/el_pairs/ELEC/151009953433674.mp3,elevenlabs
fsd:dev:ELEC:18825,real,ELEC,texture,fsd50k,real,real,fsd50k,18825,dev,1,257937158317842,train,fsd50k/FSD50K.dev_audio/18825.wav,real
el:ELEC:257937158317842,synth,ELEC,other,elevenlabs,elevenlabs,synth,generated,fsd:dev:ELEC:18825,gen,1,257937158317842,train,synth/el_pairs/ELEC/257937158317842.mp3,elevenlabs
fsd:dev:ELEC:18966,real,ELEC,texture,fsd50k,real,real,fsd50k,18966,dev,1,95510354512743,train,fsd50k/FSD50K.dev_audio/18966.wav,real
el:ELEC:95510354512743,synth,ELEC,other,elevenlabs,elevenlabs,synth,generated,fsd:dev:ELEC:18966,gen,1,95510354512743,train,synth/el_pairs/ELEC/95510354512743.mp3,elevenlabs
fsd:dev:ELEC:19487,real,ELEC,texture,fsd50k,real,real,fsd50k,19487,dev,1,82683335270536,train,fsd50k/FSD50K.dev_audio/19487.wav,real
el:ELEC:82683335270536,synth,ELEC,other,elevenlabs,elevenlabs,synth,generated,fsd:dev:ELEC:19487,gen,1,82683335270536,train,synth/el_pairs/ELEC/82683335270536.mp3,elevenlabs
fsd:dev:ELEC:199507,real,ELEC,texture,fsd50k,real,real,fsd50k,199507,dev,1,245972748962304,train,fsd50k/FSD50K.dev_audio/199507.wav,real
el:ELEC:245972748962304,synth,ELEC,other,elevenlabs,elevenlabs,synth,generated,fsd:dev:ELEC:199507,gen,1,245972748962304,train,synth/el_pairs/ELEC/245972748962304.mp3,elevenlabs
fsd:dev:ELEC:20797,real,ELEC,texture,fsd50k,real,real,fsd50k,20797,dev,1,107188358813031,train,fsd50k/FSD50K.dev_audio/20797.wav,real
el:ELEC:107188358813031,synth,ELEC,other,elevenlabs,elevenlabs,synth,generated,fsd:dev:ELEC:20797,gen,1,107188358813031,train,synth/el_pairs/ELEC/107188358813031.mp3,elevenlabs
fsd:dev:ELEC:215363,real,ELEC,texture,fsd50k,real,real,fsd50k,215363,dev,1,2868993899591,train,fsd50k/FSD50K.dev_audio/215363.wav,real
el:ELEC:2868993899591,synth,ELEC,other,elevenlabs,elevenlabs,synth,generated,fsd:dev:ELEC:215363,gen,1,2868993899591,train,synth/el_pairs/ELEC/2868993899591.mp3,elevenlabs
fsd:dev:ELEC:21681,real,ELEC,texture,fsd50k,real,real,fsd50k,21681,dev,1,13823734937999,train,fsd50k/FSD50K.dev_audio/21681.wav,real
el:ELEC:13823734937999,synth,ELEC,other,elevenlabs,elevenlabs,synth,generated,fsd:dev:ELEC:21681,gen,1,13823734937999,train,synth/el_pairs/ELEC/13823734937999.mp3,elevenlabs
fsd:dev:ELEC:222680,real,ELEC,texture,fsd50k,real,real,fsd50k,222680,dev,1,148952560036598,train,fsd50k/FSD50K.dev_audio/222680.wav,real
el:ELEC:148952560036598,synth,ELEC,other,elevenlabs,elevenlabs,synth,generated,fsd:dev:ELEC:222680,gen,1,148952560036598,train,synth/el_pairs/ELEC/148952560036598.mp3,elevenlabs
fsd:dev:ELEC:321870,real,ELEC,texture,fsd50k,real,real,fsd50k,321870,dev,1,186659326826945,train,fsd50k/FSD50K.dev_audio/321870.wav,real
el:ELEC:186659326826945,synth,ELEC,other,elevenlabs,elevenlabs,synth,generated,fsd:dev:ELEC:321870,gen,1,186659326826945,train,synth/el_pairs/ELEC/186659326826945.mp3,elevenlabs
fsd:dev:ELEC:341609,real,ELEC,texture,fsd50k,real,real,fsd50k,341609,dev,1,259427291996037,train,fsd50k/FSD50K.dev_audio/341609.wav,real
el:ELEC:259427291996037,synth,ELEC,other,elevenlabs,elevenlabs,synth,generated,fsd:dev:ELEC:341609,gen,1,259427291996037,train,synth/el_pairs/ELEC/259427291996037.mp3,elevenlabs
fsd:dev:ELEC:341612,real,ELEC,texture,fsd50k,real,real,fsd50k,341612,dev,1,260185969571991,train,fsd50k/FSD50K.dev_audio/341612.wav,real
el:ELEC:260185969571991,synth,ELEC,other,elevenlabs,elevenlabs,synth,generated,fsd:dev:ELEC:341612,gen,1,260185969571991,train,synth/el_pairs/ELEC/260185969571991.mp3,elevenlabs
fsd:dev:ELEC:34853,real,ELEC,texture,fsd50k,real,real,fsd50k,34853,dev,1,150022329113038,val,fsd50k/FSD50K.dev_audio/34853.wav,real
el:ELEC:150022329113038,synth,ELEC,other,elevenlabs,elevenlabs,synth,generated,fsd:dev:ELEC:34853,gen,1,150022329113038,val,synth/el_pairs/ELEC/150022329113038.mp3,elevenlabs
fsd:dev:EXPL:102719,real,EXPL,transient,fsd50k,real,real,fsd50k,102719,dev,1,193927944500173,train,fsd50k/FSD50K.dev_audio/102719.wav,real
el:EXPL:193927944500173,synth,EXPL,other,elevenlabs,elevenlabs,synth,generated,fsd:dev:EXPL:102719,gen,1,193927944500173,train,synth/el_pairs/EXPL/193927944500173.mp3,elevenlabs
fsd:dev:EXPL:102720,real,EXPL,transient,fsd50k,real,real,fsd50k,102720,dev,1,216950709987185,train,fsd50k/FSD50K.dev_audio/102720.wav,real
el:EXPL:216950709987185,synth,EXPL,other,elevenlabs,elevenlabs,synth,generated,fsd:dev:EXPL:102720,gen,1,216950709987185,train,synth/el_pairs/EXPL/216950709987185.mp3,elevenlabs
fsd:dev:EXPL:102733,real,EXPL,transient,fsd50k,real,real,fsd50k,102733,dev,1,128915465996015,train,fsd50k/FSD50K.dev_audio/102733.wav,real
el:EXPL:128915465996015,synth,EXPL,other,elevenlabs,elevenlabs,synth,generated,fsd:dev:EXPL:102733,gen,1,128915465996015,train,synth/el_pairs/EXPL/128915465996015.mp3,elevenlabs
fsd:dev:EXPL:102734,real,EXPL,transient,fsd50k,real,real,fsd50k,102734,dev,1,12098577572161,train,fsd50k/FSD50K.dev_audio/102734.wav,real
el:EXPL:12098577572161,synth,EXPL,other,elevenlabs,elevenlabs,synth,generated,fsd:dev:EXPL:102734,gen,1,12098577572161,train,synth/el_pairs/EXPL/12098577572161.mp3,elevenlabs
fsd:dev:EXPL:104785,real,EXPL,transient,fsd50k,real,real,fsd50k,104785,dev,1,82877549212354,train,fsd50k/FSD50K.dev_audio/104785.wav,real
el:EXPL:82877549212354,synth,EXPL,other,elevenlabs,elevenlabs,synth,generated,fsd:dev:EXPL:104785,gen,1,82877549212354,train,synth/el_pairs/EXPL/82877549212354.mp3,elevenlabs
fsd:dev:EXPL:104786,real,EXPL,transient,fsd50k,real,real,fsd50k,104786,dev,1,170944423241875,train,fsd50k/FSD50K.dev_audio/104786.wav,real
el:EXPL:170944423241875,synth,EXPL,other,elevenlabs,elevenlabs,synth,generated,fsd:dev:EXPL:104786,gen,1,170944423241875,train,synth/el_pairs/EXPL/170944423241875.mp3,elevenlabs
fsd:dev:EXPL:104787,real,EXPL,transient,fsd50k,real,real,fsd50k,104787,dev,1,155704156371428,train,fsd50k/FSD50K.dev_audio/104787.wav,real
el:EXPL:155704156371428,synth,EXPL,other,elevenlabs,elevenlabs,synth,generated,fsd:dev:EXPL:104787,gen,1,155704156371428,train,synth/el_pairs/EXPL/155704156371428.mp3,elevenlabs
fsd:dev:EXPL:104788,real,EXPL,transient,fsd50k,real,real,fsd50k,104788,dev,1,277388499238687,train,fsd50k/FSD50K.dev_audio/104788.wav,real
el:EXPL:277388499238687,synth,EXPL,other,elevenlabs,elevenlabs,synth,generated,fsd:dev:EXPL:104788,gen,1,277388499238687,train,synth/el_pairs/EXPL/277388499238687.mp3,elevenlabs
fsd:dev:EXPL:110818,real,EXPL,transient,fsd50k,real,real,fsd50k,110818,dev,1,188677601184027,val,fsd50k/FSD50K.dev_audio/110818.wav,real
el:EXPL:188677601184027,synth,EXPL,other,elevenlabs,elevenlabs,synth,generated,fsd:dev:EXPL:110818,gen,1,188677601184027,val,synth/el_pairs/EXPL/188677601184027.mp3,elevenlabs
fsd:dev:EXPL:113517,real,EXPL,transient,fsd50k,real,real,fsd50k,113517,dev,1,172222779263103,train,fsd50k/FSD50K.dev_audio/113517.wav,real
el:EXPL:172222779263103,synth,EXPL,other,elevenlabs,elevenlabs,synth,generated,fsd:dev:EXPL:113517,gen,1,172222779263103,train,synth/el_pairs/EXPL/172222779263103.mp3,elevenlabs
fsd:dev:EXPL:113746,real,EXPL,transient,fsd50k,real,real,fsd50k,113746,dev,1,53072337885052,train,fsd50k/FSD50K.dev_audio/113746.wav,real
el:EXPL:53072337885052,synth,EXPL,other,elevenlabs,elevenlabs,synth,generated,fsd:dev:EXPL:113746,gen,1,53072337885052,train,synth/el_pairs/EXPL/53072337885052.mp3,elevenlabs
fsd:dev:EXPL:113747,real,EXPL,transient,fsd50k,real,real,fsd50k,113747,dev,1,49136588219259,train,fsd50k/FSD50K.dev_audio/113747.wav,real
el:EXPL:49136588219259,synth,EXPL,other,elevenlabs,elevenlabs,synth,generated,fsd:dev:EXPL:113747,gen,1,49136588219259,train,synth/el_pairs/EXPL/49136588219259.mp3,elevenlabs
fsd:dev:EXPL:113748,real,EXPL,transient,fsd50k,real,real,fsd50k,113748,dev,1,152979643050297,train,fsd50k/FSD50K.dev_audio/113748.wav,real
el:EXPL:152979643050297,synth,EXPL,other,elevenlabs,elevenlabs,synth,generated,fsd:dev:EXPL:113748,gen,1,152979643050297,train,synth/el_pairs/EXPL/152979643050297.mp3,elevenlabs
fsd:dev:EXPL:113749,real,EXPL,transient,fsd50k,real,real,fsd50k,113749,dev,1,149875056773365,train,fsd50k/FSD50K.dev_audio/113749.wav,real
el:EXPL:149875056773365,synth,EXPL,other,elevenlabs,elevenlabs,synth,generated,fsd:dev:EXPL:113749,gen,1,149875056773365,train,synth/el_pairs/EXPL/149875056773365.mp3,elevenlabs
fsd:dev:EXPL:114046,real,EXPL,transient,fsd50k,real,real,fsd50k,114046,dev,1,29346236739384,train,fsd50k/FSD50K.dev_audio/114046.wav,real
fsd:dev:EXPL:114047,real,EXPL,transient,fsd50k,real,real,fsd50k,114047,dev,1,230811546228419,train,fsd50k/FSD50K.dev_audio/114047.wav,real
el:EXPL:230811546228419,synth,EXPL,other,elevenlabs,elevenlabs,synth,generated,fsd:dev:EXPL:114047,gen,1,230811546228419,train,synth/el_pairs/EXPL/230811546228419.mp3,elevenlabs
fsd:dev:EXPL:114048,real,EXPL,transient,fsd50k,real,real,fsd50k,114048,dev,1,245397276097532,train,fsd50k/FSD50K.dev_audio/114048.wav,real
el:EXPL:245397276097532,synth,EXPL,other,elevenlabs,elevenlabs,synth,generated,fsd:dev:EXPL:114048,gen,1,245397276097532,train,synth/el_pairs/EXPL/245397276097532.mp3,elevenlabs
fsd:dev:EXPL:114049,real,EXPL,transient,fsd50k,real,real,fsd50k,114049,dev,1,209226931636334,train,fsd50k/FSD50K.dev_audio/114049.wav,real
el:EXPL:209226931636334,synth,EXPL,other,elevenlabs,elevenlabs,synth,generated,fsd:dev:EXPL:114049,gen,1,209226931636334,train,synth/el_pairs/EXPL/209226931636334.mp3,elevenlabs
fsd:dev:EXPL:114050,real,EXPL,transient,fsd50k,real,real,fsd50k,114050,dev,1,56307487016243,train,fsd50k/FSD50K.dev_audio/114050.wav,real
el:EXPL:56307487016243,synth,EXPL,other,elevenlabs,elevenlabs,synth,generated,fsd:dev:EXPL:114050,gen,1,56307487016243,train,synth/el_pairs/EXPL/56307487016243.mp3,elevenlabs
fsd:dev:EXPL:119650,real,EXPL,transient,fsd50k,real,real,fsd50k,119650,dev,1,201249472742787,train,fsd50k/FSD50K.dev_audio/119650.wav,real
el:EXPL:201249472742787,synth,EXPL,other,elevenlabs,elevenlabs,synth,generated,fsd:dev:EXPL:119650,gen,1,201249472742787,train,synth/el_pairs/EXPL/201249472742787.mp3,elevenlabs
fsd:dev:FIRE:102695,real,FIRE,texture,fsd50k,real,real,fsd50k,102695,dev,1,275736236491009,train,fsd50k/FSD50K.dev_audio/102695.wav,real
el:FIRE:275736236491009,synth,FIRE,other,elevenlabs,elevenlabs,synth,generated,fsd:dev:FIRE:102695,gen,1,275736236491009,train,synth/el_pairs/FIRE/275736236491009.mp3,elevenlabs
fsd:dev:FIRE:102696,real,FIRE,texture,fsd50k,real,real,fsd50k,102696,dev,1,228533361626564,train,fsd50k/FSD50K.dev_audio/102696.wav,real
el:FIRE:228533361626564,synth,FIRE,other,elevenlabs,elevenlabs,synth,generated,fsd:dev:FIRE:102696,gen,1,228533361626564,train,synth/el_pairs/FIRE/228533361626564.mp3,elevenlabs
fsd:dev:FIRE:102697,real,FIRE,texture,fsd50k,real,real,fsd50k,102697,dev,1,280800772532967,train,fsd50k/FSD50K.dev_audio/102697.wav,real
el:FIRE:280800772532967,synth,FIRE,other,elevenlabs,elevenlabs,synth,generated,fsd:dev:FIRE:102697,gen,1,280800772532967,train,synth/el_pairs/FIRE/280800772532967.mp3,elevenlabs
fsd:dev:FIRE:102698,real,FIRE,texture,fsd50k,real,real,fsd50k,102698,dev,1,100960331239672,train,fsd50k/FSD50K.dev_audio/102698.wav,real
el:FIRE:100960331239672,synth,FIRE,other,elevenlabs,elevenlabs,synth,generated,fsd:dev:FIRE:102698,gen,1,100960331239672,train,synth/el_pairs/FIRE/100960331239672.mp3,elevenlabs
fsd:dev:FIRE:102709,real,FIRE,texture,fsd50k,real,real,fsd50k,102709,dev,1,74865706481829,train,fsd50k/FSD50K.dev_audio/102709.wav,real
el:FIRE:74865706481829,synth,FIRE,other,elevenlabs,elevenlabs,synth,generated,fsd:dev:FIRE:102709,gen,1,74865706481829,train,synth/el_pairs/FIRE/74865706481829.mp3,elevenlabs
fsd:dev:FIRE:124372,real,FIRE,texture,fsd50k,real,real,fsd50k,124372,dev,1,120277999738029,train,fsd50k/FSD50K.dev_audio/124372.wav,real
el:FIRE:120277999738029,synth,FIRE,other,elevenlabs,elevenlabs,synth,generated,fsd:dev:FIRE:124372,gen,1,120277999738029,train,synth/el_pairs/FIRE/120277999738029.mp3,elevenlabs
fsd:dev:FIRE:131205,real,FIRE,texture,fsd50k,real,real,fsd50k,131205,dev,1,59901612859731,train,fsd50k/FSD50K.dev_audio/131205.wav,real
el:FIRE:59901612859731,synth,FIRE,other,elevenlabs,elevenlabs,synth,generated,fsd:dev:FIRE:131205,gen,1,59901612859731,train,synth/el_pairs/FIRE/59901612859731.mp3,elevenlabs
fsd:dev:FIRE:132625,real,FIRE,texture,fsd50k,real,real,fsd50k,132625,dev,1,250829222843281,train,fsd50k/FSD50K.dev_audio/132625.wav,real
el:FIRE:250829222843281,synth,FIRE,other,elevenlabs,elevenlabs,synth,generated,fsd:dev:FIRE:132625,gen,1,250829222843281,train,synth/el_pairs/FIRE/250829222843281.mp3,elevenlabs
fsd:dev:FIRE:132630,real,FIRE,texture,fsd50k,real,real,fsd50k,132630,dev,1,71373977960246,train,fsd50k/FSD50K.dev_audio/132630.wav,real
el:FIRE:71373977960246,synth,FIRE,other,elevenlabs,elevenlabs,synth,generated,fsd:dev:FIRE:132630,gen,1,71373977960246,train,synth/el_pairs/FIRE/71373977960246.mp3,elevenlabs
fsd:dev:FIRE:135676,real,FIRE,texture,fsd50k,real,real,fsd50k,135676,dev,1,281382992372213,train,fsd50k/FSD50K.dev_audio/135676.wav,real
el:FIRE:281382992372213,synth,FIRE,other,elevenlabs,elevenlabs,synth,generated,fsd:dev:FIRE:135676,gen,1,281382992372213,train,synth/el_pairs/FIRE/281382992372213.mp3,elevenlabs
fsd:dev:FIRE:137258,real,FIRE,texture,fsd50k,real,real,fsd50k,137258,dev,1,262857396780605,val,fsd50k/FSD50K.dev_audio/137258.wav,real
el:FIRE:262857396780605,synth,FIRE,other,elevenlabs,elevenlabs,synth,generated,fsd:dev:FIRE:137258,gen,1,262857396780605,val,synth/el_pairs/FIRE/262857396780605.mp3,elevenlabs
fsd:dev:FIRE:141148,real,FIRE,texture,fsd50k,real,real,fsd50k,141148,dev,1,241729924050216,train,fsd50k/FSD50K.dev_audio/141148.wav,real
el:FIRE:241729924050216,synth,FIRE,other,elevenlabs,elevenlabs,synth,generated,fsd:dev:FIRE:141148,gen,1,241729924050216,train,synth/el_pairs/FIRE/241729924050216.mp3,elevenlabs
fsd:dev:FIRE:143954,real,FIRE,texture,fsd50k,real,real,fsd50k,143954,dev,1,24563685662847,train,fsd50k/FSD50K.dev_audio/143954.wav,real
el:FIRE:24563685662847,synth,FIRE,other,elevenlabs,elevenlabs,synth,generated,fsd:dev:FIRE:143954,gen,1,24563685662847,train,synth/el_pairs/FIRE/24563685662847.mp3,elevenlabs
fsd:dev:FIRE:147378,real,FIRE,texture,fsd50k,real,real,fsd50k,147378,dev,1,123133455413374,train,fsd50k/FSD50K.dev_audio/147378.wav,real
el:FIRE:123133455413374,synth,FIRE,other,elevenlabs,elevenlabs,synth,generated,fsd:dev:FIRE:147378,gen,1,123133455413374,train,synth/el_pairs/FIRE/123133455413374.mp3,elevenlabs
fsd:dev:FIRE:149012,real,FIRE,texture,fsd50k,real,real,fsd50k,149012,dev,1,114266037617356,train,fsd50k/FSD50K.dev_audio/149012.wav,real
el:FIRE:114266037617356,synth,FIRE,other,elevenlabs,elevenlabs,synth,generated,fsd:dev:FIRE:149012,gen,1,114266037617356,train,synth/el_pairs/FIRE/114266037617356.mp3,elevenlabs
fsd:dev:FIRE:149106,real,FIRE,texture,fsd50k,real,real,fsd50k,149106,dev,1,130039205660005,train,fsd50k/FSD50K.dev_audio/149106.wav,real
el:FIRE:130039205660005,synth,FIRE,other,elevenlabs,elevenlabs,synth,generated,fsd:dev:FIRE:149106,gen,1,130039205660005,train,synth/el_pairs/FIRE/130039205660005.mp3,elevenlabs
fsd:dev:FIRE:149459,real,FIRE,texture,fsd50k,real,real,fsd50k,149459,dev,1,238132240544690,train,fsd50k/FSD50K.dev_audio/149459.wav,real
el:FIRE:238132240544690,synth,FIRE,other,elevenlabs,elevenlabs,synth,generated,fsd:dev:FIRE:149459,gen,1,238132240544690,train,synth/el_pairs/FIRE/238132240544690.mp3,elevenlabs
fsd:dev:FIRE:149831,real,FIRE,texture,fsd50k,real,real,fsd50k,149831,dev,1,17846307798699,train,fsd50k/FSD50K.dev_audio/149831.wav,real
el:FIRE:17846307798699,synth,FIRE,other,elevenlabs,elevenlabs,synth,generated,fsd:dev:FIRE:149831,gen,1,17846307798699,train,synth/el_pairs/FIRE/17846307798699.mp3,elevenlabs
fsd:dev:FIRE:152676,real,FIRE,texture,fsd50k,real,real,fsd50k,152676,dev,1,197796621474233,train,fsd50k/FSD50K.dev_audio/152676.wav,real
el:FIRE:197796621474233,synth,FIRE,other,elevenlabs,elevenlabs,synth,generated,fsd:dev:FIRE:152676,gen,1,197796621474233,train,synth/el_pairs/FIRE/197796621474233.mp3,elevenlabs
fsd:dev:FIRE:152677,real,FIRE,texture,fsd50k,real,real,fsd50k,152677,dev,1,13620240267455,train,fsd50k/FSD50K.dev_audio/152677.wav,real
el:FIRE:13620240267455,synth,FIRE,other,elevenlabs,elevenlabs,synth,generated,fsd:dev:FIRE:152677,gen,1,13620240267455,train,synth/el_pairs/FIRE/13620240267455.mp3,elevenlabs
fsd:dev:FOOT:101857,real,FOOT,transient,fsd50k,real,real,fsd50k,101857,dev,1,106655161067950,val,fsd50k/FSD50K.dev_audio/101857.wav,real
el:FOOT:106655161067950,synth,FOOT,other,elevenlabs,elevenlabs,synth,generated,fsd:dev:FOOT:101857,gen,1,106655161067950,val,synth/el_pairs/FOOT/106655161067950.mp3,elevenlabs
fsd:dev:FOOT:102541,real,FOOT,transient,fsd50k,real,real,fsd50k,102541,dev,1,97457697212537,train,fsd50k/FSD50K.dev_audio/102541.wav,real
el:FOOT:97457697212537,synth,FOOT,other,elevenlabs,elevenlabs,synth,generated,fsd:dev:FOOT:102541,gen,1,97457697212537,train,synth/el_pairs/FOOT/97457697212537.mp3,elevenlabs
fsd:dev:FOOT:103597,real,FOOT,transient,fsd50k,real,real,fsd50k,103597,dev,1,211563649953484,train,fsd50k/FSD50K.dev_audio/103597.wav,real
el:FOOT:211563649953484,synth,FOOT,other,elevenlabs,elevenlabs,synth,generated,fsd:dev:FOOT:103597,gen,1,211563649953484,train,synth/el_pairs/FOOT/211563649953484.mp3,elevenlabs
fsd:dev:FOOT:103598,real,FOOT,transient,fsd50k,real,real,fsd50k,103598,dev,1,39263939281617,train,fsd50k/FSD50K.dev_audio/103598.wav,real
el:FOOT:39263939281617,synth,FOOT,other,elevenlabs,elevenlabs,synth,generated,fsd:dev:FOOT:103598,gen,1,39263939281617,train,synth/el_pairs/FOOT/39263939281617.mp3,elevenlabs
fsd:dev:FOOT:103600,real,FOOT,transient,fsd50k,real,real,fsd50k,103600,dev,1,245168155724900,train,fsd50k/FSD50K.dev_audio/103600.wav,real
el:FOOT:245168155724900,synth,FOOT,other,elevenlabs,elevenlabs,synth,generated,fsd:dev:FOOT:103600,gen,1,245168155724900,train,synth/el_pairs/FOOT/245168155724900.mp3,elevenlabs
fsd:dev:FOOT:103601,real,FOOT,transient,fsd50k,real,real,fsd50k,103601,dev,1,188141746332067,train,fsd50k/FSD50K.dev_audio/103601.wav,real
el:FOOT:188141746332067,synth,FOOT,other,elevenlabs,elevenlabs,synth,generated,fsd:dev:FOOT:103601,gen,1,188141746332067,train,synth/el_pairs/FOOT/188141746332067.mp3,elevenlabs
fsd:dev:FOOT:106115,real,FOOT,transient,fsd50k,real,real,fsd50k,106115,dev,1,21169127778741,train,fsd50k/FSD50K.dev_audio/106115.wav,real
el:FOOT:21169127778741,synth,FOOT,other,elevenlabs,elevenlabs,synth,generated,fsd:dev:FOOT:106115,gen,1,21169127778741,train,synth/el_pairs/FOOT/21169127778741.mp3,elevenlabs
fsd:dev:FOOT:106135,real,FOOT,transient,fsd50k,real,real,fsd50k,106135,dev,1,94704508386778,train,fsd50k/FSD50K.dev_audio/106135.wav,real
el:FOOT:94704508386778,synth,FOOT,other,elevenlabs,elevenlabs,synth,generated,fsd:dev:FOOT:106135,gen,1,94704508386778,train,synth/el_pairs/FOOT/94704508386778.mp3,elevenlabs
fsd:dev:FOOT:11156,real,FOOT,transient,fsd50k,real,real,fsd50k,11156,dev,1,270233309047023,train,fsd50k/FSD50K.dev_audio/11156.wav,real
el:FOOT:270233309047023,synth,FOOT,other,elevenlabs,elevenlabs,synth,generated,fsd:dev:FOOT:11156,gen,1,270233309047023,train,synth/el_pairs/FOOT/270233309047023.mp3,elevenlabs
fsd:dev:FOOT:121691,real,FOOT,transient,fsd50k,real,real,fsd50k,121691,dev,1,186125740980281,train,fsd50k/FSD50K.dev_audio/121691.wav,real
el:FOOT:186125740980281,synth,FOOT,other,elevenlabs,elevenlabs,synth,generated,fsd:dev:FOOT:121691,gen,1,186125740980281,train,synth/el_pairs/FOOT/186125740980281.mp3,elevenlabs
fsd:dev:FOOT:135730,real,FOOT,transient,fsd50k,real,real,fsd50k,135730,dev,1,54579990815806,train,fsd50k/FSD50K.dev_audio/135730.wav,real
el:FOOT:54579990815806,synth,FOOT,other,elevenlabs,elevenlabs,synth,generated,fsd:dev:FOOT:135730,gen,1,54579990815806,train,synth/el_pairs/FOOT/54579990815806.mp3,elevenlabs
fsd:dev:FOOT:137768,real,FOOT,transient,fsd50k,real,real,fsd50k,137768,dev,1,66441562600508,val,fsd50k/FSD50K.dev_audio/137768.wav,real
el:FOOT:66441562600508,synth,FOOT,other,elevenlabs,elevenlabs,synth,generated,fsd:dev:FOOT:137768,gen,1,66441562600508,val,synth/el_pairs/FOOT/66441562600508.mp3,elevenlabs
fsd:dev:FOOT:137769,real,FOOT,transient,fsd50k,real,real,fsd50k,137769,dev,1,70726036028547,val,fsd50k/FSD50K.dev_audio/137769.wav,real
el:FOOT:70726036028547,synth,FOOT,other,elevenlabs,elevenlabs,synth,generated,fsd:dev:FOOT:137769,gen,1,70726036028547,val,synth/el_pairs/FOOT/70726036028547.mp3,elevenlabs
fsd:dev:FOOT:137773,real,FOOT,transient,fsd50k,real,real,fsd50k,137773,dev,1,113294549483121,val,fsd50k/FSD50K.dev_audio/137773.wav,real
el:FOOT:113294549483121,synth,FOOT,other,elevenlabs,elevenlabs,synth,generated,fsd:dev:FOOT:137773,gen,1,113294549483121,val,synth/el_pairs/FOOT/113294549483121.mp3,elevenlabs
fsd:dev:FOOT:138307,real,FOOT,transient,fsd50k,real,real,fsd50k,138307,dev,1,160671861321258,train,fsd50k/FSD50K.dev_audio/138307.wav,real
el:FOOT:160671861321258,synth,FOOT,other,elevenlabs,elevenlabs,synth,generated,fsd:dev:FOOT:138307,gen,1,160671861321258,train,synth/el_pairs/FOOT/160671861321258.mp3,elevenlabs
fsd:dev:FOOT:138310,real,FOOT,transient,fsd50k,real,real,fsd50k,138310,dev,1,98828229451583,train,fsd50k/FSD50K.dev_audio/138310.wav,real
el:FOOT:98828229451583,synth,FOOT,other,elevenlabs,elevenlabs,synth,generated,fsd:dev:FOOT:138310,gen,1,98828229451583,train,synth/el_pairs/FOOT/98828229451583.mp3,elevenlabs
fsd:dev:FOOT:138311,real,FOOT,transient,fsd50k,real,real,fsd50k,138311,dev,1,23787186602542,train,fsd50k/FSD50K.dev_audio/138311.wav,real
el:FOOT:23787186602542,synth,FOOT,other,elevenlabs,elevenlabs,synth,generated,fsd:dev:FOOT:138311,gen,1,23787186602542,train,synth/el_pairs/FOOT/23787186602542.mp3,elevenlabs
fsd:dev:FOOT:138315,real,FOOT,transient,fsd50k,real,real,fsd50k,138315,dev,1,133940694716347,train,fsd50k/FSD50K.dev_audio/138315.wav,real
el:FOOT:133940694716347,synth,FOOT,other,elevenlabs,elevenlabs,synth,generated,fsd:dev:FOOT:138315,gen,1,133940694716347,train,synth/el_pairs/FOOT/133940694716347.mp3,elevenlabs
fsd:dev:FOOT:138316,real,FOOT,transient,fsd50k,real,real,fsd50k,138316,dev,1,166937408792083,train,fsd50k/FSD50K.dev_audio/138316.wav,real
el:FOOT:166937408792083,synth,FOOT,other,elevenlabs,elevenlabs,synth,generated,fsd:dev:FOOT:138316,gen,1,166937408792083,train,synth/el_pairs/FOOT/166937408792083.mp3,elevenlabs
fsd:dev:FOOT:138335,real,FOOT,transient,fsd50k,real,real,fsd50k,138335,dev,1,203444038548168,train,fsd50k/FSD50K.dev_audio/138335.wav,real
fsd:dev:GLAS:104815,real,GLAS,transient,fsd50k,real,real,fsd50k,104815,dev,1,69065067642620,train,fsd50k/FSD50K.dev_audio/104815.wav,real
el:GLAS:69065067642620,synth,GLAS,other,elevenlabs,elevenlabs,synth,generated,fsd:dev:GLAS:104815,gen,1,69065067642620,train,synth/el_pairs/GLAS/69065067642620.mp3,elevenlabs
fsd:dev:GLAS:112546,real,GLAS,transient,fsd50k,real,real,fsd50k,112546,dev,1,171816017509996,train,fsd50k/FSD50K.dev_audio/112546.wav,real
el:GLAS:171816017509996,synth,GLAS,other,elevenlabs,elevenlabs,synth,generated,fsd:dev:GLAS:112546,gen,1,171816017509996,train,synth/el_pairs/GLAS/171816017509996.mp3,elevenlabs
fsd:dev:GLAS:114371,real,GLAS,transient,fsd50k,real,real,fsd50k,114371,dev,1,140080355869583,train,fsd50k/FSD50K.dev_audio/114371.wav,real
el:GLAS:140080355869583,synth,GLAS,other,elevenlabs,elevenlabs,synth,generated,fsd:dev:GLAS:114371,gen,1,140080355869583,train,synth/el_pairs/GLAS/140080355869583.mp3,elevenlabs
fsd:dev:GLAS:114374,real,GLAS,transient,fsd50k,real,real,fsd50k,114374,dev,1,100383079997644,train,fsd50k/FSD50K.dev_audio/114374.wav,real
el:GLAS:100383079997644,synth,GLAS,other,elevenlabs,elevenlabs,synth,generated,fsd:dev:GLAS:114374,gen,1,100383079997644,train,synth/el_pairs/GLAS/100383079997644.mp3,elevenlabs
fsd:dev:GLAS:115916,real,GLAS,transient,fsd50k,real,real,fsd50k,115916,dev,1,165868964517006,val,fsd50k/FSD50K.dev_audio/115916.wav,real
el:GLAS:165868964517006,synth,GLAS,other,elevenlabs,elevenlabs,synth,generated,fsd:dev:GLAS:115916,gen,1,165868964517006,val,synth/el_pairs/GLAS/165868964517006.mp3,elevenlabs
fsd:dev:GLAS:115922,real,GLAS,transient,fsd50k,real,real,fsd50k,115922,dev,1,81550629503547,val,fsd50k/FSD50K.dev_audio/115922.wav,real
el:GLAS:81550629503547,synth,GLAS,other,elevenlabs,elevenlabs,synth,generated,fsd:dev:GLAS:115922,gen,1,81550629503547,val,synth/el_pairs/GLAS/81550629503547.mp3,elevenlabs
fsd:dev:GLAS:118198,real,GLAS,transient,fsd50k,real,real,fsd50k,118198,dev,1,88218982397457,train,fsd50k/FSD50K.dev_audio/118198.wav,real
el:GLAS:88218982397457,synth,GLAS,other,elevenlabs,elevenlabs,synth,generated,fsd:dev:GLAS:118198,gen,1,88218982397457,train,synth/el_pairs/GLAS/88218982397457.mp3,elevenlabs
fsd:dev:GLAS:118199,real,GLAS,transient,fsd50k,real,real,fsd50k,118199,dev,1,193034576569278,train,fsd50k/FSD50K.dev_audio/118199.wav,real
el:GLAS:193034576569278,synth,GLAS,other,elevenlabs,elevenlabs,synth,generated,fsd:dev:GLAS:118199,gen,1,193034576569278,train,synth/el_pairs/GLAS/193034576569278.mp3,elevenlabs
fsd:dev:GLAS:118515,real,GLAS,transient,fsd50k,real,real,fsd50k,118515,dev,1,52190005750809,val,fsd50k/FSD50K.dev_audio/118515.wav,real
el:GLAS:52190005750809,synth,GLAS,other,elevenlabs,elevenlabs,synth,generated,fsd:dev:GLAS:118515,gen,1,52190005750809,val,synth/el_pairs/GLAS/52190005750809.mp3,elevenlabs
fsd:dev:GLAS:118520,real,GLAS,transient,fsd50k,real,real,fsd50k,118520,dev,1,81810847267415,train,fsd50k/FSD50K.dev_audio/118520.wav,real
el:GLAS:81810847267415,synth,GLAS,other,elevenlabs,elevenlabs,synth,generated,fsd:dev:GLAS:118520,gen,1,81810847267415,train,synth/el_pairs/GLAS/81810847267415.mp3,elevenlabs
fsd:dev:GLAS:119917,real,GLAS,transient,fsd50k,real,real,fsd50k,119917,dev,1,240366306003810,train,fsd50k/FSD50K.dev_audio/119917.wav,real
el:GLAS:240366306003810,synth,GLAS,other,elevenlabs,elevenlabs,synth,generated,fsd:dev:GLAS:119917,gen,1,240366306003810,train,synth/el_pairs/GLAS/240366306003810.mp3,elevenlabs
fsd:dev:GLAS:126531,real,GLAS,transient,fsd50k,real,real,fsd50k,126531,dev,1,256966509008441,train,fsd50k/FSD50K.dev_audio/126531.wav,real
el:GLAS:256966509008441,synth,GLAS,other,elevenlabs,elevenlabs,synth,generated,fsd:dev:GLAS:126531,gen,1,256966509008441,train,synth/el_pairs/GLAS/256966509008441.mp3,elevenlabs
fsd:dev:GLAS:126877,real,GLAS,transient,fsd50k,real,real,fsd50k,126877,dev,1,41550743250822,train,fsd50k/FSD50K.dev_audio/126877.wav,real
el:GLAS:41550743250822,synth,GLAS,other,elevenlabs,elevenlabs,synth,generated,fsd:dev:GLAS:126877,gen,1,41550743250822,train,synth/el_pairs/GLAS/41550743250822.mp3,elevenlabs
fsd:dev:GLAS:126878,real,GLAS,transient,fsd50k,real,real,fsd50k,126878,dev,1,4726921664435,train,fsd50k/FSD50K.dev_audio/126878.wav,real
el:GLAS:4726921664435,synth,GLAS,other,elevenlabs,elevenlabs,synth,generated,fsd:dev:GLAS:126878,gen,1,4726921664435,train,synth/el_pairs/GLAS/4726921664435.mp3,elevenlabs
fsd:dev:GLAS:126889,real,GLAS,transient,fsd50k,real,real,fsd50k,126889,dev,1,44828729762193,train,fsd50k/FSD50K.dev_audio/126889.wav,real
el:GLAS:44828729762193,synth,GLAS,other,elevenlabs,elevenlabs,synth,generated,fsd:dev:GLAS:126889,gen,1,44828729762193,train,synth/el_pairs/GLAS/44828729762193.mp3,elevenlabs
fsd:dev:GLAS:127543,real,GLAS,transient,fsd50k,real,real,fsd50k,127543,dev,1,134298193350048,val,fsd50k/FSD50K.dev_audio/127543.wav,real
el:GLAS:134298193350048,synth,GLAS,other,elevenlabs,elevenlabs,synth,generated,fsd:dev:GLAS:127543,gen,1,134298193350048,val,synth/el_pairs/GLAS/134298193350048.mp3,elevenlabs
fsd:dev:GLAS:132634,real,GLAS,transient,fsd50k,real,real,fsd50k,132634,dev,1,107836376445587,train,fsd50k/FSD50K.dev_audio/132634.wav,real
el:GLAS:107836376445587,synth,GLAS,other,elevenlabs,elevenlabs,synth,generated,fsd:dev:GLAS:132634,gen,1,107836376445587,train,synth/el_pairs/GLAS/107836376445587.mp3,elevenlabs
fsd:dev:GLAS:135699,real,GLAS,transient,fsd50k,real,real,fsd50k,135699,dev,1,156685822615729,train,fsd50k/FSD50K.dev_audio/135699.wav,real
el:GLAS:156685822615729,synth,GLAS,other,elevenlabs,elevenlabs,synth,generated,fsd:dev:GLAS:135699,gen,1,156685822615729,train,synth/el_pairs/GLAS/156685822615729.mp3,elevenlabs
fsd:dev:GLAS:140613,real,GLAS,transient,fsd50k,real,real,fsd50k,140613,dev,1,41628699539877,train,fsd50k/FSD50K.dev_audio/140613.wav,real
el:GLAS:41628699539877,synth,GLAS,other,elevenlabs,elevenlabs,synth,generated,fsd:dev:GLAS:140613,gen,1,41628699539877,train,synth/el_pairs/GLAS/41628699539877.mp3,elevenlabs
fsd:dev:GLAS:140616,real,GLAS,transient,fsd50k,real,real,fsd50k,140616,dev,1,169960793992650,train,fsd50k/FSD50K.dev_audio/140616.wav,real
el:GLAS:169960793992650,synth,GLAS,other,elevenlabs,elevenlabs,synth,generated,fsd:dev:GLAS:140616,gen,1,169960793992650,train,synth/el_pairs/GLAS/169960793992650.mp3,elevenlabs
fsd:dev:GUN:101961,real,GUN,transient,fsd50k,real,real,fsd50k,101961,dev,1,5435167817468,train,fsd50k/FSD50K.dev_audio/101961.wav,real
el:GUN:5435167817468,synth,GUN,other,elevenlabs,elevenlabs,synth,generated,fsd:dev:GUN:101961,gen,1,5435167817468,train,synth/el_pairs/GUN/5435167817468.mp3,elevenlabs
fsd:dev:GUN:101962,real,GUN,transient,fsd50k,real,real,fsd50k,101962,dev,1,15707398732479,train,fsd50k/FSD50K.dev_audio/101962.wav,real
el:GUN:15707398732479,synth,GUN,other,elevenlabs,elevenlabs,synth,generated,fsd:dev:GUN:101962,gen,1,15707398732479,train,synth/el_pairs/GUN/15707398732479.mp3,elevenlabs
fsd:dev:GUN:108043,real,GUN,transient,fsd50k,real,real,fsd50k,108043,dev,1,273779600882328,train,fsd50k/FSD50K.dev_audio/108043.wav,real
el:GUN:273779600882328,synth,GUN,other,elevenlabs,elevenlabs,synth,generated,fsd:dev:GUN:108043,gen,1,273779600882328,train,synth/el_pairs/GUN/273779600882328.mp3,elevenlabs
fsd:dev:GUN:108044,real,GUN,transient,fsd50k,real,real,fsd50k,108044,dev,1,67755043423336,train,fsd50k/FSD50K.dev_audio/108044.wav,real
el:GUN:67755043423336,synth,GUN,other,elevenlabs,elevenlabs,synth,generated,fsd:dev:GUN:108044,gen,1,67755043423336,train,synth/el_pairs/GUN/67755043423336.mp3,elevenlabs
fsd:dev:GUN:108045,real,GUN,transient,fsd50k,real,real,fsd50k,108045,dev,1,87175555658398,train,fsd50k/FSD50K.dev_audio/108045.wav,real
el:GUN:87175555658398,synth,GUN,other,elevenlabs,elevenlabs,synth,generated,fsd:dev:GUN:108045,gen,1,87175555658398,train,synth/el_pairs/GUN/87175555658398.mp3,elevenlabs
fsd:dev:GUN:108046,real,GUN,transient,fsd50k,real,real,fsd50k,108046,dev,1,245107034065467,train,fsd50k/FSD50K.dev_audio/108046.wav,real
el:GUN:245107034065467,synth,GUN,other,elevenlabs,elevenlabs,synth,generated,fsd:dev:GUN:108046,gen,1,245107034065467,train,synth/el_pairs/GUN/245107034065467.mp3,elevenlabs
fsd:dev:GUN:108047,real,GUN,transient,fsd50k,real,real,fsd50k,108047,dev,1,170924506714144,train,fsd50k/FSD50K.dev_audio/108047.wav,real
el:GUN:170924506714144,synth,GUN,other,elevenlabs,elevenlabs,synth,generated,fsd:dev:GUN:108047,gen,1,170924506714144,train,synth/el_pairs/GUN/170924506714144.mp3,elevenlabs
fsd:dev:GUN:115295,real,GUN,transient,fsd50k,real,real,fsd50k,115295,dev,1,242431872361194,val,fsd50k/FSD50K.dev_audio/115295.wav,real
el:GUN:242431872361194,synth,GUN,other,elevenlabs,elevenlabs,synth,generated,fsd:dev:GUN:115295,gen,1,242431872361194,val,synth/el_pairs/GUN/242431872361194.mp3,elevenlabs
fsd:dev:GUN:118450,real,GUN,transient,fsd50k,real,real,fsd50k,118450,dev,1,222835417496394,train,fsd50k/FSD50K.dev_audio/118450.wav,real
el:GUN:222835417496394,synth,GUN,other,elevenlabs,elevenlabs,synth,generated,fsd:dev:GUN:118450,gen,1,222835417496394,train,synth/el_pairs/GUN/222835417496394.mp3,elevenlabs
fsd:dev:GUN:127846,real,GUN,transient,fsd50k,real,real,fsd50k,127846,dev,1,21074039067992,train,fsd50k/FSD50K.dev_audio/127846.wav,real
el:GUN:21074039067992,synth,GUN,other,elevenlabs,elevenlabs,synth,generated,fsd:dev:GUN:127846,gen,1,21074039067992,train,synth/el_pairs/GUN/21074039067992.mp3,elevenlabs
fsd:dev:GUN:128293,real,GUN,transient,fsd50k,real,real,fsd50k,128293,dev,1,105692281682688,train,fsd50k/FSD50K.dev_audio/128293.wav,real
el:GUN:105692281682688,synth,GUN,other,elevenlabs,elevenlabs,synth,generated,fsd:dev:GUN:128293,gen,1,105692281682688,train,synth/el_pairs/GUN/105692281682688.mp3,elevenlabs
fsd:dev:GUN:128294,real,GUN,transient,fsd50k,real,real,fsd50k,128294,dev,1,172561050767030,train,fsd50k/FSD50K.dev_audio/128294.wav,real
el:GUN:172561050767030,synth,GUN,other,elevenlabs,elevenlabs,synth,generated,fsd:dev:GUN:128294,gen,1,172561050767030,train,synth/el_pairs/GUN/172561050767030.mp3,elevenlabs
fsd:dev:GUN:128296,real,GUN,transient,fsd50k,real,real,fsd50k,128296,dev,1,161664556186764,train,fsd50k/FSD50K.dev_audio/128296.wav,real
el:GUN:161664556186764,synth,GUN,other,elevenlabs,elevenlabs,synth,generated,fsd:dev:GUN:128296,gen,1,161664556186764,train,synth/el_pairs/GUN/161664556186764.mp3,elevenlabs
fsd:dev:GUN:128297,real,GUN,transient,fsd50k,real,real,fsd50k,128297,dev,1,171076361767365,train,fsd50k/FSD50K.dev_audio/128297.wav,real
el:GUN:171076361767365,synth,GUN,other,elevenlabs,elevenlabs,synth,generated,fsd:dev:GUN:128297,gen,1,171076361767365,train,synth/el_pairs/GUN/171076361767365.mp3,elevenlabs
fsd:dev:GUN:128298,real,GUN,transient,fsd50k,real,real,fsd50k,128298,dev,1,113829866853541,train,fsd50k/FSD50K.dev_audio/128298.wav,real
el:GUN:113829866853541,synth,GUN,other,elevenlabs,elevenlabs,synth,generated,fsd:dev:GUN:128298,gen,1,113829866853541,train,synth/el_pairs/GUN/113829866853541.mp3,elevenlabs
fsd:dev:GUN:128299,real,GUN,transient,fsd50k,real,real,fsd50k,128299,dev,1,261917850505011,train,fsd50k/FSD50K.dev_audio/128299.wav,real
el:GUN:261917850505011,synth,GUN,other,elevenlabs,elevenlabs,synth,generated,fsd:dev:GUN:128299,gen,1,261917850505011,train,synth/el_pairs/GUN/261917850505011.mp3,elevenlabs
fsd:dev:GUN:128301,real,GUN,transient,fsd50k,real,real,fsd50k,128301,dev,1,241249664898103,train,fsd50k/FSD50K.dev_audio/128301.wav,real
el:GUN:241249664898103,synth,GUN,other,elevenlabs,elevenlabs,synth,generated,fsd:dev:GUN:128301,gen,1,241249664898103,train,synth/el_pairs/GUN/241249664898103.mp3,elevenlabs
fsd:dev:GUN:128979,real,GUN,transient,fsd50k,real,real,fsd50k,128979,dev,1,272047901702143,val,fsd50k/FSD50K.dev_audio/128979.wav,real
el:GUN:272047901702143,synth,GUN,other,elevenlabs,elevenlabs,synth,generated,fsd:dev:GUN:128979,gen,1,272047901702143,val,synth/el_pairs/GUN/272047901702143.mp3,elevenlabs
fsd:dev:GUN:128981,real,GUN,transient,fsd50k,real,real,fsd50k,128981,dev,1,177692227425622,val,fsd50k/FSD50K.dev_audio/128981.wav,real
el:GUN:177692227425622,synth,GUN,other,elevenlabs,elevenlabs,synth,generated,fsd:dev:GUN:128981,gen,1,177692227425622,val,synth/el_pairs/GUN/177692227425622.mp3,elevenlabs
fsd:dev:GUN:132551,real,GUN,transient,fsd50k,real,real,fsd50k,132551,dev,1,95767702015124,train,fsd50k/FSD50K.dev_audio/132551.wav,real
el:GUN:95767702015124,synth,GUN,other,elevenlabs,elevenlabs,synth,generated,fsd:dev:GUN:132551,gen,1,95767702015124,train,synth/el_pairs/GUN/95767702015124.mp3,elevenlabs
fsd:dev:IMPT:101362,real,IMPT,transient,fsd50k,real,real,fsd50k,101362,dev,1,126230193555052,val,fsd50k/FSD50K.dev_audio/101362.wav,real
el:IMPT:126230193555052,synth,IMPT,other,elevenlabs,elevenlabs,synth,generated,fsd:dev:IMPT:101362,gen,1,126230193555052,val,synth/el_pairs/IMPT/126230193555052.mp3,elevenlabs
fsd:dev:IMPT:104364,real,IMPT,transient,fsd50k,real,real,fsd50k,104364,dev,1,192424536046908,train,fsd50k/FSD50K.dev_audio/104364.wav,real
el:IMPT:192424536046908,synth,IMPT,other,elevenlabs,elevenlabs,synth,generated,fsd:dev:IMPT:104364,gen,1,192424536046908,train,synth/el_pairs/IMPT/192424536046908.mp3,elevenlabs
fsd:dev:IMPT:104368,real,IMPT,transient,fsd50k,real,real,fsd50k,104368,dev,1,23176238984457,train,fsd50k/FSD50K.dev_audio/104368.wav,real
el:IMPT:23176238984457,synth,IMPT,other,elevenlabs,elevenlabs,synth,generated,fsd:dev:IMPT:104368,gen,1,23176238984457,train,synth/el_pairs/IMPT/23176238984457.mp3,elevenlabs
fsd:dev:IMPT:104370,real,IMPT,transient,fsd50k,real,real,fsd50k,104370,dev,1,200394046213013,train,fsd50k/FSD50K.dev_audio/104370.wav,real
el:IMPT:200394046213013,synth,IMPT,other,elevenlabs,elevenlabs,synth,generated,fsd:dev:IMPT:104370,gen,1,200394046213013,train,synth/el_pairs/IMPT/200394046213013.mp3,elevenlabs
fsd:dev:IMPT:106596,real,IMPT,transient,fsd50k,real,real,fsd50k,106596,dev,1,94523157803997,train,fsd50k/FSD50K.dev_audio/106596.wav,real
el:IMPT:94523157803997,synth,IMPT,other,elevenlabs,elevenlabs,synth,generated,fsd:dev:IMPT:106596,gen,1,94523157803997,train,synth/el_pairs/IMPT/94523157803997.mp3,elevenlabs
fsd:dev:IMPT:10749,real,IMPT,transient,fsd50k,real,real,fsd50k,10749,dev,1,227148733856575,train,fsd50k/FSD50K.dev_audio/10749.wav,real
el:IMPT:227148733856575,synth,IMPT,other,elevenlabs,elevenlabs,synth,generated,fsd:dev:IMPT:10749,gen,1,227148733856575,train,synth/el_pairs/IMPT/227148733856575.mp3,elevenlabs
fsd:dev:IMPT:10752,real,IMPT,transient,fsd50k,real,real,fsd50k,10752,dev,1,255540150307649,train,fsd50k/FSD50K.dev_audio/10752.wav,real
el:IMPT:255540150307649,synth,IMPT,other,elevenlabs,elevenlabs,synth,generated,fsd:dev:IMPT:10752,gen,1,255540150307649,train,synth/el_pairs/IMPT/255540150307649.mp3,elevenlabs
fsd:dev:IMPT:10754,real,IMPT,transient,fsd50k,real,real,fsd50k,10754,dev,1,252662528582521,train,fsd50k/FSD50K.dev_audio/10754.wav,real
el:IMPT:252662528582521,synth,IMPT,other,elevenlabs,elevenlabs,synth,generated,fsd:dev:IMPT:10754,gen,1,252662528582521,train,synth/el_pairs/IMPT/252662528582521.mp3,elevenlabs
fsd:dev:IMPT:10755,real,IMPT,transient,fsd50k,real,real,fsd50k,10755,dev,1,38528357933532,train,fsd50k/FSD50K.dev_audio/10755.wav,real
el:IMPT:38528357933532,synth,IMPT,other,elevenlabs,elevenlabs,synth,generated,fsd:dev:IMPT:10755,gen,1,38528357933532,train,synth/el_pairs/IMPT/38528357933532.mp3,elevenlabs
fsd:dev:IMPT:10756,real,IMPT,transient,fsd50k,real,real,fsd50k,10756,dev,1,128138276228794,train,fsd50k/FSD50K.dev_audio/10756.wav,real
el:IMPT:128138276228794,synth,IMPT,other,elevenlabs,elevenlabs,synth,generated,fsd:dev:IMPT:10756,gen,1,128138276228794,train,synth/el_pairs/IMPT/128138276228794.mp3,elevenlabs
fsd:dev:IMPT:10757,real,IMPT,transient,fsd50k,real,real,fsd50k,10757,dev,1,222549173480676,train,fsd50k/FSD50K.dev_audio/10757.wav,real
el:IMPT:222549173480676,synth,IMPT,other,elevenlabs,elevenlabs,synth,generated,fsd:dev:IMPT:10757,gen,1,222549173480676,train,synth/el_pairs/IMPT/222549173480676.mp3,elevenlabs
fsd:dev:IMPT:10759,real,IMPT,transient,fsd50k,real,real,fsd50k,10759,dev,1,254857783221181,train,fsd50k/FSD50K.dev_audio/10759.wav,real
el:IMPT:254857783221181,synth,IMPT,other,elevenlabs,elevenlabs,synth,generated,fsd:dev:IMPT:10759,gen,1,254857783221181,train,synth/el_pairs/IMPT/254857783221181.mp3,elevenlabs
fsd:dev:IMPT:10760,real,IMPT,transient,fsd50k,real,real,fsd50k,10760,dev,1,55913953874013,train,fsd50k/FSD50K.dev_audio/10760.wav,real
el:IMPT:55913953874013,synth,IMPT,other,elevenlabs,elevenlabs,synth,generated,fsd:dev:IMPT:10760,gen,1,55913953874013,train,synth/el_pairs/IMPT/55913953874013.mp3,elevenlabs
fsd:dev:IMPT:10761,real,IMPT,transient,fsd50k,real,real,fsd50k,10761,dev,1,41077041855741,train,fsd50k/FSD50K.dev_audio/10761.wav,real
el:IMPT:41077041855741,synth,IMPT,other,elevenlabs,elevenlabs,synth,generated,fsd:dev:IMPT:10761,gen,1,41077041855741,train,synth/el_pairs/IMPT/41077041855741.mp3,elevenlabs
fsd:dev:IMPT:10762,real,IMPT,transient,fsd50k,real,real,fsd50k,10762,dev,1,96176657557808,train,fsd50k/FSD50K.dev_audio/10762.wav,real
el:IMPT:96176657557808,synth,IMPT,other,elevenlabs,elevenlabs,synth,generated,fsd:dev:IMPT:10762,gen,1,96176657557808,train,synth/el_pairs/IMPT/96176657557808.mp3,elevenlabs
fsd:dev:IMPT:10764,real,IMPT,transient,fsd50k,real,real,fsd50k,10764,dev,1,267676089317059,train,fsd50k/FSD50K.dev_audio/10764.wav,real
el:IMPT:267676089317059,synth,IMPT,other,elevenlabs,elevenlabs,synth,generated,fsd:dev:IMPT:10764,gen,1,267676089317059,train,synth/el_pairs/IMPT/267676089317059.mp3,elevenlabs
fsd:dev:IMPT:10765,real,IMPT,transient,fsd50k,real,real,fsd50k,10765,dev,1,8455422381632,train,fsd50k/FSD50K.dev_audio/10765.wav,real
el:IMPT:8455422381632,synth,IMPT,other,elevenlabs,elevenlabs,synth,generated,fsd:dev:IMPT:10765,gen,1,8455422381632,train,synth/el_pairs/IMPT/8455422381632.mp3,elevenlabs
fsd:dev:IMPT:10766,real,IMPT,transient,fsd50k,real,real,fsd50k,10766,dev,1,61136534764366,train,fsd50k/FSD50K.dev_audio/10766.wav,real
el:IMPT:61136534764366,synth,IMPT,other,elevenlabs,elevenlabs,synth,generated,fsd:dev:IMPT:10766,gen,1,61136534764366,train,synth/el_pairs/IMPT/61136534764366.mp3,elevenlabs
fsd:dev:IMPT:10767,real,IMPT,transient,fsd50k,real,real,fsd50k,10767,dev,1,76524584093414,train,fsd50k/FSD50K.dev_audio/10767.wav,real
el:IMPT:76524584093414,synth,IMPT,other,elevenlabs,elevenlabs,synth,generated,fsd:dev:IMPT:10767,gen,1,76524584093414,train,synth/el_pairs/IMPT/76524584093414.mp3,elevenlabs
fsd:dev:IMPT:10768,real,IMPT,transient,fsd50k,real,real,fsd50k,10768,dev,1,216321708230641,train,fsd50k/FSD50K.dev_audio/10768.wav,real
el:IMPT:216321708230641,synth,IMPT,other,elevenlabs,elevenlabs,synth,generated,fsd:dev:IMPT:10768,gen,1,216321708230641,train,synth/el_pairs/IMPT/216321708230641.mp3,elevenlabs
fsd:dev:KEYS:102960,real,KEYS,transient,fsd50k,real,real,fsd50k,102960,dev,1,197050776486336,train,fsd50k/FSD50K.dev_audio/102960.wav,real
el:KEYS:197050776486336,synth,KEYS,other,elevenlabs,elevenlabs,synth,generated,fsd:dev:KEYS:102960,gen,1,197050776486336,train,synth/el_pairs/KEYS/197050776486336.mp3,elevenlabs
fsd:dev:KEYS:119728,real,KEYS,transient,fsd50k,real,real,fsd50k,119728,dev,1,217762771384259,train,fsd50k/FSD50K.dev_audio/119728.wav,real
el:KEYS:217762771384259,synth,KEYS,other,elevenlabs,elevenlabs,synth,generated,fsd:dev:KEYS:119728,gen,1,217762771384259,train,synth/el_pairs/KEYS/217762771384259.mp3,elevenlabs
fsd:dev:KEYS:125535,real,KEYS,transient,fsd50k,real,real,fsd50k,125535,dev,1,106640551704827,train,fsd50k/FSD50K.dev_audio/125535.wav,real
el:KEYS:106640551704827,synth,KEYS,other,elevenlabs,elevenlabs,synth,generated,fsd:dev:KEYS:125535,gen,1,106640551704827,train,synth/el_pairs/KEYS/106640551704827.mp3,elevenlabs
fsd:dev:KEYS:125656,real,KEYS,transient,fsd50k,real,real,fsd50k,125656,dev,1,235801814209351,train,fsd50k/FSD50K.dev_audio/125656.wav,real
el:KEYS:235801814209351,synth,KEYS,other,elevenlabs,elevenlabs,synth,generated,fsd:dev:KEYS:125656,gen,1,235801814209351,train,synth/el_pairs/KEYS/235801814209351.mp3,elevenlabs
fsd:dev:KEYS:130105,real,KEYS,transient,fsd50k,real,real,fsd50k,130105,dev,1,17358478986034,train,fsd50k/FSD50K.dev_audio/130105.wav,real
el:KEYS:17358478986034,synth,KEYS,other,elevenlabs,elevenlabs,synth,generated,fsd:dev:KEYS:130105,gen,1,17358478986034,train,synth/el_pairs/KEYS/17358478986034.mp3,elevenlabs
fsd:dev:KEYS:135636,real,KEYS,transient,fsd50k,real,real,fsd50k,135636,dev,1,273235327734204,train,fsd50k/FSD50K.dev_audio/135636.wav,real
el:KEYS:273235327734204,synth,KEYS,other,elevenlabs,elevenlabs,synth,generated,fsd:dev:KEYS:135636,gen,1,273235327734204,train,synth/el_pairs/KEYS/273235327734204.mp3,elevenlabs
fsd:dev:KEYS:146335,real,KEYS,transient,fsd50k,real,real,fsd50k,146335,dev,1,246590797600691,val,fsd50k/FSD50K.dev_audio/146335.wav,real
el:KEYS:246590797600691,synth,KEYS,other,elevenlabs,elevenlabs,synth,generated,fsd:dev:KEYS:146335,gen,1,246590797600691,val,synth/el_pairs/KEYS/246590797600691.mp3,elevenlabs
fsd:dev:KEYS:151842,real,KEYS,transient,fsd50k,real,real,fsd50k,151842,dev,1,94020279290343,val,fsd50k/FSD50K.dev_audio/151842.wav,real
el:KEYS:94020279290343,synth,KEYS,other,elevenlabs,elevenlabs,synth,generated,fsd:dev:KEYS:151842,gen,1,94020279290343,val,synth/el_pairs/KEYS/94020279290343.mp3,elevenlabs
fsd:dev:KEYS:153364,real,KEYS,transient,fsd50k,real,real,fsd50k,153364,dev,1,209603735281978,train,fsd50k/FSD50K.dev_audio/153364.wav,real
el:KEYS:209603735281978,synth,KEYS,other,elevenlabs,elevenlabs,synth,generated,fsd:dev:KEYS:153364,gen,1,209603735281978,train,synth/el_pairs/KEYS/209603735281978.mp3,elevenlabs
fsd:dev:KEYS:153427,real,KEYS,transient,fsd50k,real,real,fsd50k,153427,dev,1,246371222199099,train,fsd50k/FSD50K.dev_audio/153427.wav,real
el:KEYS:246371222199099,synth,KEYS,other,elevenlabs,elevenlabs,synth,generated,fsd:dev:KEYS:153427,gen,1,246371222199099,train,synth/el_pairs/KEYS/246371222199099.mp3,elevenlabs
fsd:dev:KEYS:156178,real,KEYS,transient,fsd50k,real,real,fsd50k,156178,dev,1,115167931812514,train,fsd50k/FSD50K.dev_audio/156178.wav,real
el:KEYS:115167931812514,synth,KEYS,other,elevenlabs,elevenlabs,synth,generated,fsd:dev:KEYS:156178,gen,1,115167931812514,train,synth/el_pairs/KEYS/115167931812514.mp3,elevenlabs
fsd:dev:KEYS:156180,real,KEYS,transient,fsd50k,real,real,fsd50k,156180,dev,1,144829344753362,train,fsd50k/FSD50K.dev_audio/156180.wav,real
el:KEYS:144829344753362,synth,KEYS,other,elevenlabs,elevenlabs,synth,generated,fsd:dev:KEYS:156180,gen,1,144829344753362,train,synth/el_pairs/KEYS/144829344753362.mp3,elevenlabs
fsd:dev:KEYS:156181,real,KEYS,transient,fsd50k,real,real,fsd50k,156181,dev,1,254094787477283,train,fsd50k/FSD50K.dev_audio/156181.wav,real
el:KEYS:254094787477283,synth,KEYS,other,elevenlabs,elevenlabs,synth,generated,fsd:dev:KEYS:156181,gen,1,254094787477283,train,synth/el_pairs/KEYS/254094787477283.mp3,elevenlabs
fsd:dev:KEYS:156183,real,KEYS,transient,fsd50k,real,real,fsd50k,156183,dev,1,107503240612344,train,fsd50k/FSD50K.dev_audio/156183.wav,real
el:KEYS:107503240612344,synth,KEYS,other,elevenlabs,elevenlabs,synth,generated,fsd:dev:KEYS:156183,gen,1,107503240612344,train,synth/el_pairs/KEYS/107503240612344.mp3,elevenlabs
fsd:dev:KEYS:156184,real,KEYS,transient,fsd50k,real,real,fsd50k,156184,dev,1,273803652742197,train,fsd50k/FSD50K.dev_audio/156184.wav,real
el:KEYS:273803652742197,synth,KEYS,other,elevenlabs,elevenlabs,synth,generated,fsd:dev:KEYS:156184,gen,1,273803652742197,train,synth/el_pairs/KEYS/273803652742197.mp3,elevenlabs
fsd:dev:KEYS:156185,real,KEYS,transient,fsd50k,real,real,fsd50k,156185,dev,1,86915674990811,train,fsd50k/FSD50K.dev_audio/156185.wav,real
el:KEYS:86915674990811,synth,KEYS,other,elevenlabs,elevenlabs,synth,generated,fsd:dev:KEYS:156185,gen,1,86915674990811,train,synth/el_pairs/KEYS/86915674990811.mp3,elevenlabs
fsd:dev:KEYS:156186,real,KEYS,transient,fsd50k,real,real,fsd50k,156186,dev,1,60950863483411,train,fsd50k/FSD50K.dev_audio/156186.wav,real
el:KEYS:60950863483411,synth,KEYS,other,elevenlabs,elevenlabs,synth,generated,fsd:dev:KEYS:156186,gen,1,60950863483411,train,synth/el_pairs/KEYS/60950863483411.mp3,elevenlabs
fsd:dev:KEYS:156187,real,KEYS,transient,fsd50k,real,real,fsd50k,156187,dev,1,186151606544052,train,fsd50k/FSD50K.dev_audio/156187.wav,real
el:KEYS:186151606544052,synth,KEYS,other,elevenlabs,elevenlabs,synth,generated,fsd:dev:KEYS:156187,gen,1,186151606544052,train,synth/el_pairs/KEYS/186151606544052.mp3,elevenlabs
fsd:dev:KEYS:156188,real,KEYS,transient,fsd50k,real,real,fsd50k,156188,dev,1,26294126583136,train,fsd50k/FSD50K.dev_audio/156188.wav,real
el:KEYS:26294126583136,synth,KEYS,other,elevenlabs,elevenlabs,synth,generated,fsd:dev:KEYS:156188,gen,1,26294126583136,train,synth/el_pairs/KEYS/26294126583136.mp3,elevenlabs
fsd:dev:KEYS:160502,real,KEYS,transient,fsd50k,real,real,fsd50k,160502,dev,1,274361694266236,val,fsd50k/FSD50K.dev_audio/160502.wav,real
el:KEYS:274361694266236,synth,KEYS,other,elevenlabs,elevenlabs,synth,generated,fsd:dev:KEYS:160502,gen,1,274361694266236,val,synth/el_pairs/KEYS/274361694266236.mp3,elevenlabs
fsd:dev:MECH:111708,real,MECH,mechanical,fsd50k,real,real,fsd50k,111708,dev,1,154145299943493,train,fsd50k/FSD50K.dev_audio/111708.wav,real
el:MECH:154145299943493,synth,MECH,other,elevenlabs,elevenlabs,synth,generated,fsd:dev:MECH:111708,gen,1,154145299943493,train,synth/el_pairs/MECH/154145299943493.mp3,elevenlabs
fsd:dev:MECH:111710,real,MECH,mechanical,fsd50k,real,real,fsd50k,111710,dev,1,143265643224698,train,fsd50k/FSD50K.dev_audio/111710.wav,real
el:MECH:143265643224698,synth,MECH,other,elevenlabs,elevenlabs,synth,generated,fsd:dev:MECH:111710,gen,1,143265643224698,train,synth/el_pairs/MECH/143265643224698.mp3,elevenlabs
fsd:dev:MECH:117945,real,MECH,mechanical,fsd50k,real,real,fsd50k,117945,dev,1,87640899189053,train,fsd50k/FSD50K.dev_audio/117945.wav,real
el:MECH:87640899189053,synth,MECH,other,elevenlabs,elevenlabs,synth,generated,fsd:dev:MECH:117945,gen,1,87640899189053,train,synth/el_pairs/MECH/87640899189053.mp3,elevenlabs
fsd:dev:MECH:117947,real,MECH,mechanical,fsd50k,real,real,fsd50k,117947,dev,1,242317759946369,train,fsd50k/FSD50K.dev_audio/117947.wav,real
el:MECH:242317759946369,synth,MECH,other,elevenlabs,elevenlabs,synth,generated,fsd:dev:MECH:117947,gen,1,242317759946369,train,synth/el_pairs/MECH/242317759946369.mp3,elevenlabs
fsd:dev:MECH:117948,real,MECH,mechanical,fsd50k,real,real,fsd50k,117948,dev,1,278568132991789,train,fsd50k/FSD50K.dev_audio/117948.wav,real
el:MECH:278568132991789,synth,MECH,other,elevenlabs,elevenlabs,synth,generated,fsd:dev:MECH:117948,gen,1,278568132991789,train,synth/el_pairs/MECH/278568132991789.mp3,elevenlabs
fsd:dev:MECH:117949,real,MECH,mechanical,fsd50k,real,real,fsd50k,117949,dev,1,134534695216796,train,fsd50k/FSD50K.dev_audio/117949.wav,real
el:MECH:134534695216796,synth,MECH,other,elevenlabs,elevenlabs,synth,generated,fsd:dev:MECH:117949,gen,1,134534695216796,train,synth/el_pairs/MECH/134534695216796.mp3,elevenlabs
fsd:dev:MECH:117950,real,MECH,mechanical,fsd50k,real,real,fsd50k,117950,dev,1,78117391539808,train,fsd50k/FSD50K.dev_audio/117950.wav,real
el:MECH:78117391539808,synth,MECH,other,elevenlabs,elevenlabs,synth,generated,fsd:dev:MECH:117950,gen,1,78117391539808,train,synth/el_pairs/MECH/78117391539808.mp3,elevenlabs
fsd:dev:MECH:117951,real,MECH,mechanical,fsd50k,real,real,fsd50k,117951,dev,1,141161249992659,train,fsd50k/FSD50K.dev_audio/117951.wav,real
el:MECH:141161249992659,synth,MECH,other,elevenlabs,elevenlabs,synth,generated,fsd:dev:MECH:117951,gen,1,141161249992659,train,synth/el_pairs/MECH/141161249992659.mp3,elevenlabs
fsd:dev:MECH:128724,real,MECH,mechanical,fsd50k,real,real,fsd50k,128724,dev,1,4103500540191,val,fsd50k/FSD50K.dev_audio/128724.wav,real
el:MECH:4103500540191,synth,MECH,other,elevenlabs,elevenlabs,synth,generated,fsd:dev:MECH:128724,gen,1,4103500540191,val,synth/el_pairs/MECH/4103500540191.mp3,elevenlabs
fsd:dev:MECH:143290,real,MECH,mechanical,fsd50k,real,real,fsd50k,143290,dev,1,166712528169979,train,fsd50k/FSD50K.dev_audio/143290.wav,real
el:MECH:166712528169979,synth,MECH,other,elevenlabs,elevenlabs,synth,generated,fsd:dev:MECH:143290,gen,1,166712528169979,train,synth/el_pairs/MECH/166712528169979.mp3,elevenlabs
fsd:dev:MECH:149164,real,MECH,mechanical,fsd50k,real,real,fsd50k,149164,dev,1,156944304967361,train,fsd50k/FSD50K.dev_audio/149164.wav,real
fsd:dev:MECH:163593,real,MECH,mechanical,fsd50k,real,real,fsd50k,163593,dev,1,142874751501281,train,fsd50k/FSD50K.dev_audio/163593.wav,real
el:MECH:142874751501281,synth,MECH,other,elevenlabs,elevenlabs,synth,generated,fsd:dev:MECH:163593,gen,1,142874751501281,train,synth/el_pairs/MECH/142874751501281.mp3,elevenlabs
fsd:dev:MECH:166225,real,MECH,mechanical,fsd50k,real,real,fsd50k,166225,dev,1,19046676773565,train,fsd50k/FSD50K.dev_audio/166225.wav,real
el:MECH:19046676773565,synth,MECH,other,elevenlabs,elevenlabs,synth,generated,fsd:dev:MECH:166225,gen,1,19046676773565,train,synth/el_pairs/MECH/19046676773565.mp3,elevenlabs
fsd:dev:MECH:171086,real,MECH,mechanical,fsd50k,real,real,fsd50k,171086,dev,1,195865247869807,val,fsd50k/FSD50K.dev_audio/171086.wav,real
el:MECH:195865247869807,synth,MECH,other,elevenlabs,elevenlabs,synth,generated,fsd:dev:MECH:171086,gen,1,195865247869807,val,synth/el_pairs/MECH/195865247869807.mp3,elevenlabs
fsd:dev:MECH:178376,real,MECH,mechanical,fsd50k,real,real,fsd50k,178376,dev,1,264781867848026,train,fsd50k/FSD50K.dev_audio/178376.wav,real
el:MECH:264781867848026,synth,MECH,other,elevenlabs,elevenlabs,synth,generated,fsd:dev:MECH:178376,gen,1,264781867848026,train,synth/el_pairs/MECH/264781867848026.mp3,elevenlabs
fsd:dev:MECH:179198,real,MECH,mechanical,fsd50k,real,real,fsd50k,179198,dev,1,201351027441313,train,fsd50k/FSD50K.dev_audio/179198.wav,real
el:MECH:201351027441313,synth,MECH,other,elevenlabs,elevenlabs,synth,generated,fsd:dev:MECH:179198,gen,1,201351027441313,train,synth/el_pairs/MECH/201351027441313.mp3,elevenlabs
fsd:dev:MECH:186380,real,MECH,mechanical,fsd50k,real,real,fsd50k,186380,dev,1,103591293957414,val,fsd50k/FSD50K.dev_audio/186380.wav,real
el:MECH:103591293957414,synth,MECH,other,elevenlabs,elevenlabs,synth,generated,fsd:dev:MECH:186380,gen,1,103591293957414,val,synth/el_pairs/MECH/103591293957414.mp3,elevenlabs
fsd:dev:MECH:190581,real,MECH,mechanical,fsd50k,real,real,fsd50k,190581,dev,1,12029410512042,train,fsd50k/FSD50K.dev_audio/190581.wav,real
el:MECH:12029410512042,synth,MECH,other,elevenlabs,elevenlabs,synth,generated,fsd:dev:MECH:190581,gen,1,12029410512042,train,synth/el_pairs/MECH/12029410512042.mp3,elevenlabs
fsd:dev:MECH:190582,real,MECH,mechanical,fsd50k,real,real,fsd50k,190582,dev,1,279406144069224,train,fsd50k/FSD50K.dev_audio/190582.wav,real
el:MECH:279406144069224,synth,MECH,other,elevenlabs,elevenlabs,synth,generated,fsd:dev:MECH:190582,gen,1,279406144069224,train,synth/el_pairs/MECH/279406144069224.mp3,elevenlabs
fsd:dev:MECH:212406,real,MECH,mechanical,fsd50k,real,real,fsd50k,212406,dev,1,206123451639214,train,fsd50k/FSD50K.dev_audio/212406.wav,real
el:MECH:206123451639214,synth,MECH,other,elevenlabs,elevenlabs,synth,generated,fsd:dev:MECH:212406,gen,1,206123451639214,train,synth/el_pairs/MECH/206123451639214.mp3,elevenlabs
fsd:dev:MUSC:151316,real,MUSC,tonal,fsd50k,real,real,fsd50k,151316,dev,1,266938538271319,val,fsd50k/FSD50K.dev_audio/151316.wav,real
el:MUSC:266938538271319,synth,MUSC,other,elevenlabs,elevenlabs,synth,generated,fsd:dev:MUSC:151316,gen,1,266938538271319,val,synth/el_pairs/MUSC/266938538271319.mp3,elevenlabs
fsd:dev:MUSC:151354,real,MUSC,tonal,fsd50k,real,real,fsd50k,151354,dev,1,143206542595110,val,fsd50k/FSD50K.dev_audio/151354.wav,real
el:MUSC:143206542595110,synth,MUSC,other,elevenlabs,elevenlabs,synth,generated,fsd:dev:MUSC:151354,gen,1,143206542595110,val,synth/el_pairs/MUSC/143206542595110.mp3,elevenlabs
fsd:dev:MUSC:151356,real,MUSC,tonal,fsd50k,real,real,fsd50k,151356,dev,1,41169152152296,val,fsd50k/FSD50K.dev_audio/151356.wav,real
el:MUSC:41169152152296,synth,MUSC,other,elevenlabs,elevenlabs,synth,generated,fsd:dev:MUSC:151356,gen,1,41169152152296,val,synth/el_pairs/MUSC/41169152152296.mp3,elevenlabs
fsd:dev:MUSC:165523,real,MUSC,tonal,fsd50k,real,real,fsd50k,165523,dev,1,126955538442044,val,fsd50k/FSD50K.dev_audio/165523.wav,real
el:MUSC:126955538442044,synth,MUSC,other,elevenlabs,elevenlabs,synth,generated,fsd:dev:MUSC:165523,gen,1,126955538442044,val,synth/el_pairs/MUSC/126955538442044.mp3,elevenlabs
fsd:dev:MUSC:246523,real,MUSC,tonal,fsd50k,real,real,fsd50k,246523,dev,1,9705006162263,train,fsd50k/FSD50K.dev_audio/246523.wav,real
el:MUSC:9705006162263,synth,MUSC,other,elevenlabs,elevenlabs,synth,generated,fsd:dev:MUSC:246523,gen,1,9705006162263,train,synth/el_pairs/MUSC/9705006162263.mp3,elevenlabs
fsd:dev:MUSC:246563,real,MUSC,tonal,fsd50k,real,real,fsd50k,246563,dev,1,43987733353867,train,fsd50k/FSD50K.dev_audio/246563.wav,real
el:MUSC:43987733353867,synth,MUSC,other,elevenlabs,elevenlabs,synth,generated,fsd:dev:MUSC:246563,gen,1,43987733353867,train,synth/el_pairs/MUSC/43987733353867.mp3,elevenlabs
fsd:dev:MUSC:246564,real,MUSC,tonal,fsd50k,real,real,fsd50k,246564,dev,1,29004605557018,train,fsd50k/FSD50K.dev_audio/246564.wav,real
el:MUSC:29004605557018,synth,MUSC,other,elevenlabs,elevenlabs,synth,generated,fsd:dev:MUSC:246564,gen,1,29004605557018,train,synth/el_pairs/MUSC/29004605557018.mp3,elevenlabs
fsd:dev:MUSC:246571,real,MUSC,tonal,fsd50k,real,real,fsd50k,246571,dev,1,174998752388790,train,fsd50k/FSD50K.dev_audio/246571.wav,real
el:MUSC:174998752388790,synth,MUSC,other,elevenlabs,elevenlabs,synth,generated,fsd:dev:MUSC:246571,gen,1,174998752388790,train,synth/el_pairs/MUSC/174998752388790.mp3,elevenlabs
fsd:dev:MUSC:246579,real,MUSC,tonal,fsd50k,real,real,fsd50k,246579,dev,1,14057231622371,train,fsd50k/FSD50K.dev_audio/246579.wav,real
el:MUSC:14057231622371,synth,MUSC,other,elevenlabs,elevenlabs,synth,generated,fsd:dev:MUSC:246579,gen,1,14057231622371,train,synth/el_pairs/MUSC/14057231622371.mp3,elevenlabs
fsd:dev:MUSC:246580,real,MUSC,tonal,fsd50k,real,real,fsd50k,246580,dev,1,233253263399829,train,fsd50k/FSD50K.dev_audio/246580.wav,real
el:MUSC:233253263399829,synth,MUSC,other,elevenlabs,elevenlabs,synth,generated,fsd:dev:MUSC:246580,gen,1,233253263399829,train,synth/el_pairs/MUSC/233253263399829.mp3,elevenlabs
fsd:dev:MUSC:246583,real,MUSC,tonal,fsd50k,real,real,fsd50k,246583,dev,1,69876602365019,train,fsd50k/FSD50K.dev_audio/246583.wav,real
el:MUSC:69876602365019,synth,MUSC,other,elevenlabs,elevenlabs,synth,generated,fsd:dev:MUSC:246583,gen,1,69876602365019,train,synth/el_pairs/MUSC/69876602365019.mp3,elevenlabs
fsd:dev:MUSC:246584,real,MUSC,tonal,fsd50k,real,real,fsd50k,246584,dev,1,83122255042614,train,fsd50k/FSD50K.dev_audio/246584.wav,real
el:MUSC:83122255042614,synth,MUSC,other,elevenlabs,elevenlabs,synth,generated,fsd:dev:MUSC:246584,gen,1,83122255042614,train,synth/el_pairs/MUSC/83122255042614.mp3,elevenlabs
fsd:dev:MUSC:246586,real,MUSC,tonal,fsd50k,real,real,fsd50k,246586,dev,1,270129452738133,train,fsd50k/FSD50K.dev_audio/246586.wav,real
el:MUSC:270129452738133,synth,MUSC,other,elevenlabs,elevenlabs,synth,generated,fsd:dev:MUSC:246586,gen,1,270129452738133,train,synth/el_pairs/MUSC/270129452738133.mp3,elevenlabs
fsd:dev:MUSC:246589,real,MUSC,tonal,fsd50k,real,real,fsd50k,246589,dev,1,195580004463323,train,fsd50k/FSD50K.dev_audio/246589.wav,real
el:MUSC:195580004463323,synth,MUSC,other,elevenlabs,elevenlabs,synth,generated,fsd:dev:MUSC:246589,gen,1,195580004463323,train,synth/el_pairs/MUSC/195580004463323.mp3,elevenlabs
fsd:dev:MUSC:246590,real,MUSC,tonal,fsd50k,real,real,fsd50k,246590,dev,1,222092431095095,train,fsd50k/FSD50K.dev_audio/246590.wav,real
el:MUSC:222092431095095,synth,MUSC,other,elevenlabs,elevenlabs,synth,generated,fsd:dev:MUSC:246590,gen,1,222092431095095,train,synth/el_pairs/MUSC/222092431095095.mp3,elevenlabs
fsd:dev:MUSC:246591,real,MUSC,tonal,fsd50k,real,real,fsd50k,246591,dev,1,146436906912155,train,fsd50k/FSD50K.dev_audio/246591.wav,real
el:MUSC:146436906912155,synth,MUSC,other,elevenlabs,elevenlabs,synth,generated,fsd:dev:MUSC:246591,gen,1,146436906912155,train,synth/el_pairs/MUSC/146436906912155.mp3,elevenlabs
fsd:dev:MUSC:246596,real,MUSC,tonal,fsd50k,real,real,fsd50k,246596,dev,1,89017825850553,train,fsd50k/FSD50K.dev_audio/246596.wav,real
el:MUSC:89017825850553,synth,MUSC,other,elevenlabs,elevenlabs,synth,generated,fsd:dev:MUSC:246596,gen,1,89017825850553,train,synth/el_pairs/MUSC/89017825850553.mp3,elevenlabs
fsd:dev:MUSC:246597,real,MUSC,tonal,fsd50k,real,real,fsd50k,246597,dev,1,280028379693212,train,fsd50k/FSD50K.dev_audio/246597.wav,real
el:MUSC:280028379693212,synth,MUSC,other,elevenlabs,elevenlabs,synth,generated,fsd:dev:MUSC:246597,gen,1,280028379693212,train,synth/el_pairs/MUSC/280028379693212.mp3,elevenlabs
fsd:dev:MUSC:246598,real,MUSC,tonal,fsd50k,real,real,fsd50k,246598,dev,1,215506090262531,train,fsd50k/FSD50K.dev_audio/246598.wav,real
el:MUSC:215506090262531,synth,MUSC,other,elevenlabs,elevenlabs,synth,generated,fsd:dev:MUSC:246598,gen,1,215506090262531,train,synth/el_pairs/MUSC/215506090262531.mp3,elevenlabs
fsd:dev:MUSC:246604,real,MUSC,tonal,fsd50k,real,real,fsd50k,246604,dev,1,80482405631988,train,fsd50k/FSD50K.dev_audio/246604.wav,real
el:MUSC:80482405631988,synth,MUSC,other,elevenlabs,elevenlabs,synth,generated,fsd:dev:MUSC:246604,gen,1,80482405631988,train,synth/el_pairs/MUSC/80482405631988.mp3,elevenlabs
fsd:dev:PHON:102434,real,PHON,tonal,fsd50k,real,real,fsd50k,102434,dev,1,161419376757016,val,fsd50k/FSD50K.dev_audio/102434.wav,real
el:PHON:161419376757016,synth,PHON,other,elevenlabs,elevenlabs,synth,generated,fsd:dev:PHON:102434,gen,1,161419376757016,val,synth/el_pairs/PHON/161419376757016.mp3,elevenlabs
fsd:dev:PHON:106744,real,PHON,tonal,fsd50k,real,real,fsd50k,106744,dev,1,253718624190251,train,fsd50k/FSD50K.dev_audio/106744.wav,real
el:PHON:253718624190251,synth,PHON,other,elevenlabs,elevenlabs,synth,generated,fsd:dev:PHON:106744,gen,1,253718624190251,train,synth/el_pairs/PHON/253718624190251.mp3,elevenlabs
fsd:dev:PHON:112211,real,PHON,tonal,fsd50k,real,real,fsd50k,112211,dev,1,170018989810585,val,fsd50k/FSD50K.dev_audio/112211.wav,real
el:PHON:170018989810585,synth,PHON,other,elevenlabs,elevenlabs,synth,generated,fsd:dev:PHON:112211,gen,1,170018989810585,val,synth/el_pairs/PHON/170018989810585.mp3,elevenlabs
fsd:dev:PHON:117922,real,PHON,tonal,fsd50k,real,real,fsd50k,117922,dev,1,247431718411351,train,fsd50k/FSD50K.dev_audio/117922.wav,real
el:PHON:247431718411351,synth,PHON,other,elevenlabs,elevenlabs,synth,generated,fsd:dev:PHON:117922,gen,1,247431718411351,train,synth/el_pairs/PHON/247431718411351.mp3,elevenlabs
fsd:dev:PHON:118391,real,PHON,tonal,fsd50k,real,real,fsd50k,118391,dev,1,159939773865846,train,fsd50k/FSD50K.dev_audio/118391.wav,real
el:PHON:159939773865846,synth,PHON,other,elevenlabs,elevenlabs,synth,generated,fsd:dev:PHON:118391,gen,1,159939773865846,train,synth/el_pairs/PHON/159939773865846.mp3,elevenlabs
fsd:dev:PHON:121758,real,PHON,tonal,fsd50k,real,real,fsd50k,121758,dev,1,154865600140217,train,fsd50k/FSD50K.dev_audio/121758.wav,real
el:PHON:154865600140217,synth,PHON,other,elevenlabs,elevenlabs,synth,generated,fsd:dev:PHON:121758,gen,1,154865600140217,train,synth/el_pairs/PHON/154865600140217.mp3,elevenlabs
fsd:dev:PHON:121759,real,PHON,tonal,fsd50k,real,real,fsd50k,121759,dev,1,168193428592056,train,fsd50k/FSD50K.dev_audio/121759.wav,real
el:PHON:168193428592056,synth,PHON,other,elevenlabs,elevenlabs,synth,generated,fsd:dev:PHON:121759,gen,1,168193428592056,train,synth/el_pairs/PHON/168193428592056.mp3,elevenlabs
fsd:dev:PHON:122266,real,PHON,tonal,fsd50k,real,real,fsd50k,122266,dev,1,93676821819847,train,fsd50k/FSD50K.dev_audio/122266.wav,real
el:PHON:93676821819847,synth,PHON,other,elevenlabs,elevenlabs,synth,generated,fsd:dev:PHON:122266,gen,1,93676821819847,train,synth/el_pairs/PHON/93676821819847.mp3,elevenlabs
fsd:dev:PHON:122267,real,PHON,tonal,fsd50k,real,real,fsd50k,122267,dev,1,176688337414094,train,fsd50k/FSD50K.dev_audio/122267.wav,real
el:PHON:176688337414094,synth,PHON,other,elevenlabs,elevenlabs,synth,generated,fsd:dev:PHON:122267,gen,1,176688337414094,train,synth/el_pairs/PHON/176688337414094.mp3,elevenlabs
fsd:dev:PHON:122274,real,PHON,tonal,fsd50k,real,real,fsd50k,122274,dev,1,28881134003083,train,fsd50k/FSD50K.dev_audio/122274.wav,real
el:PHON:28881134003083,synth,PHON,other,elevenlabs,elevenlabs,synth,generated,fsd:dev:PHON:122274,gen,1,28881134003083,train,synth/el_pairs/PHON/28881134003083.mp3,elevenlabs
fsd:dev:PHON:122275,real,PHON,tonal,fsd50k,real,real,fsd50k,122275,dev,1,14505089732455,train,fsd50k/FSD50K.dev_audio/122275.wav,real
el:PHON:14505089732455,synth,PHON,other,elevenlabs,elevenlabs,synth,generated,fsd:dev:PHON:122275,gen,1,14505089732455,train,synth/el_pairs/PHON/14505089732455.mp3,elevenlabs
fsd:dev:PHON:122277,real,PHON,tonal,fsd50k,real,real,fsd50k,122277,dev,1,265483434238755,train,fsd50k/FSD50K.dev_audio/122277.wav,real
el:PHON:265483434238755,synth,PHON,other,elevenlabs,elevenlabs,synth,generated,fsd:dev:PHON:122277,gen,1,265483434238755,train,synth/el_pairs/PHON/265483434238755.mp3,elevenlabs
fsd:dev:PHON:122989,real,PHON,tonal,fsd50k,real,real,fsd50k,122989,dev,1,160175772608667,train,fsd50k/FSD50K.dev_audio/122989.wav,real
el:PHON:160175772608667,synth,PHON,other,elevenlabs,elevenlabs,synth,generated,fsd:dev:PHON:122989,gen,1,160175772608667,train,synth/el_pairs/PHON/160175772608667.mp3,elevenlabs
fsd:dev:PHON:122990,real,PHON,tonal,fsd50k,real,real,fsd50k,122990,dev,1,39987010839225,train,fsd50k/FSD50K.dev_audio/122990.wav,real
el:PHON:39987010839225,synth,PHON,other,elevenlabs,elevenlabs,synth,generated,fsd:dev:PHON:122990,gen,1,39987010839225,train,synth/el_pairs/PHON/39987010839225.mp3,elevenlabs
fsd:dev:PHON:125420,real,PHON,tonal,fsd50k,real,real,fsd50k,125420,dev,1,96034463173663,train,fsd50k/FSD50K.dev_audio/125420.wav,real
el:PHON:96034463173663,synth,PHON,other,elevenlabs,elevenlabs,synth,generated,fsd:dev:PHON:125420,gen,1,96034463173663,train,synth/el_pairs/PHON/96034463173663.mp3,elevenlabs
fsd:dev:PHON:130604,real,PHON,tonal,fsd50k,real,real,fsd50k,130604,dev,1,83029134765927,train,fsd50k/FSD50K.dev_audio/130604.wav,real
el:PHON:83029134765927,synth,PHON,other,elevenlabs,elevenlabs,synth,generated,fsd:dev:PHON:130604,gen,1,83029134765927,train,synth/el_pairs/PHON/83029134765927.mp3,elevenlabs
fsd:dev:PHON:133813,real,PHON,tonal,fsd50k,real,real,fsd50k,133813,dev,1,26021795031881,train,fsd50k/FSD50K.dev_audio/133813.wav,real
el:PHON:26021795031881,synth,PHON,other,elevenlabs,elevenlabs,synth,generated,fsd:dev:PHON:133813,gen,1,26021795031881,train,synth/el_pairs/PHON/26021795031881.mp3,elevenlabs
fsd:dev:PHON:134067,real,PHON,tonal,fsd50k,real,real,fsd50k,134067,dev,1,32782085861444,val,fsd50k/FSD50K.dev_audio/134067.wav,real
el:PHON:32782085861444,synth,PHON,other,elevenlabs,elevenlabs,synth,generated,fsd:dev:PHON:134067,gen,1,32782085861444,val,synth/el_pairs/PHON/32782085861444.mp3,elevenlabs
fsd:dev:PHON:142903,real,PHON,tonal,fsd50k,real,real,fsd50k,142903,dev,1,95086115521174,train,fsd50k/FSD50K.dev_audio/142903.wav,real
el:PHON:95086115521174,synth,PHON,other,elevenlabs,elevenlabs,synth,generated,fsd:dev:PHON:142903,gen,1,95086115521174,train,synth/el_pairs/PHON/95086115521174.mp3,elevenlabs
fsd:dev:PHON:144084,real,PHON,tonal,fsd50k,real,real,fsd50k,144084,dev,1,70781941875992,train,fsd50k/FSD50K.dev_audio/144084.wav,real
el:PHON:70781941875992,synth,PHON,other,elevenlabs,elevenlabs,synth,generated,fsd:dev:PHON:144084,gen,1,70781941875992,train,synth/el_pairs/PHON/70781941875992.mp3,elevenlabs
fsd:dev:RAIN:101676,real,RAIN,texture,fsd50k,real,real,fsd50k,101676,dev,1,178184466355217,train,fsd50k/FSD50K.dev_audio/101676.wav,real
el:RAIN:178184466355217,synth,RAIN,other,elevenlabs,elevenlabs,synth,generated,fsd:dev:RAIN:101676,gen,1,178184466355217,train,synth/el_pairs/RAIN/178184466355217.mp3,elevenlabs
fsd:dev:RAIN:109719,real,RAIN,texture,fsd50k,real,real,fsd50k,109719,dev,1,239335282857750,train,fsd50k/FSD50K.dev_audio/109719.wav,real
el:RAIN:239335282857750,synth,RAIN,other,elevenlabs,elevenlabs,synth,generated,fsd:dev:RAIN:109719,gen,1,239335282857750,train,synth/el_pairs/RAIN/239335282857750.mp3,elevenlabs
fsd:dev:RAIN:110322,real,RAIN,texture,fsd50k,real,real,fsd50k,110322,dev,1,214499934112834,train,fsd50k/FSD50K.dev_audio/110322.wav,real
el:RAIN:214499934112834,synth,RAIN,other,elevenlabs,elevenlabs,synth,generated,fsd:dev:RAIN:110322,gen,1,214499934112834,train,synth/el_pairs/RAIN/214499934112834.mp3,elevenlabs
fsd:dev:RAIN:110323,real,RAIN,texture,fsd50k,real,real,fsd50k,110323,dev,1,108743125387922,train,fsd50k/FSD50K.dev_audio/110323.wav,real
el:RAIN:108743125387922,synth,RAIN,other,elevenlabs,elevenlabs,synth,generated,fsd:dev:RAIN:110323,gen,1,108743125387922,train,synth/el_pairs/RAIN/108743125387922.mp3,elevenlabs
fsd:dev:RAIN:110324,real,RAIN,texture,fsd50k,real,real,fsd50k,110324,dev,1,184869568697687,train,fsd50k/FSD50K.dev_audio/110324.wav,real
el:RAIN:184869568697687,synth,RAIN,other,elevenlabs,elevenlabs,synth,generated,fsd:dev:RAIN:110324,gen,1,184869568697687,train,synth/el_pairs/RAIN/184869568697687.mp3,elevenlabs
fsd:dev:RAIN:11617,real,RAIN,texture,fsd50k,real,real,fsd50k,11617,dev,1,186297076371871,train,fsd50k/FSD50K.dev_audio/11617.wav,real
el:RAIN:186297076371871,synth,RAIN,other,elevenlabs,elevenlabs,synth,generated,fsd:dev:RAIN:11617,gen,1,186297076371871,train,synth/el_pairs/RAIN/186297076371871.mp3,elevenlabs
fsd:dev:RAIN:11619,real,RAIN,texture,fsd50k,real,real,fsd50k,11619,dev,1,85451264806534,train,fsd50k/FSD50K.dev_audio/11619.wav,real
el:RAIN:85451264806534,synth,RAIN,other,elevenlabs,elevenlabs,synth,generated,fsd:dev:RAIN:11619,gen,1,85451264806534,train,synth/el_pairs/RAIN/85451264806534.mp3,elevenlabs
fsd:dev:RAIN:116961,real,RAIN,texture,fsd50k,real,real,fsd50k,116961,dev,1,199860546227864,train,fsd50k/FSD50K.dev_audio/116961.wav,real
el:RAIN:199860546227864,synth,RAIN,other,elevenlabs,elevenlabs,synth,generated,fsd:dev:RAIN:116961,gen,1,199860546227864,train,synth/el_pairs/RAIN/199860546227864.mp3,elevenlabs
fsd:dev:RAIN:118514,real,RAIN,texture,fsd50k,real,real,fsd50k,118514,dev,1,17298845185268,train,fsd50k/FSD50K.dev_audio/118514.wav,real
el:RAIN:17298845185268,synth,RAIN,other,elevenlabs,elevenlabs,synth,generated,fsd:dev:RAIN:118514,gen,1,17298845185268,train,synth/el_pairs/RAIN/17298845185268.mp3,elevenlabs
fsd:dev:RAIN:120345,real,RAIN,texture,fsd50k,real,real,fsd50k,120345,dev,1,193370043792417,train,fsd50k/FSD50K.dev_audio/120345.wav,real
el:RAIN:193370043792417,synth,RAIN,other,elevenlabs,elevenlabs,synth,generated,fsd:dev:RAIN:120345,gen,1,193370043792417,train,synth/el_pairs/RAIN/193370043792417.mp3,elevenlabs
fsd:dev:RAIN:120352,real,RAIN,texture,fsd50k,real,real,fsd50k,120352,dev,1,13113275363559,train,fsd50k/FSD50K.dev_audio/120352.wav,real
el:RAIN:13113275363559,synth,RAIN,other,elevenlabs,elevenlabs,synth,generated,fsd:dev:RAIN:120352,gen,1,13113275363559,train,synth/el_pairs/RAIN/13113275363559.mp3,elevenlabs
fsd:dev:RAIN:120698,real,RAIN,texture,fsd50k,real,real,fsd50k,120698,dev,1,170707581679314,train,fsd50k/FSD50K.dev_audio/120698.wav,real
el:RAIN:170707581679314,synth,RAIN,other,elevenlabs,elevenlabs,synth,generated,fsd:dev:RAIN:120698,gen,1,170707581679314,train,synth/el_pairs/RAIN/170707581679314.mp3,elevenlabs
fsd:dev:RAIN:120699,real,RAIN,texture,fsd50k,real,real,fsd50k,120699,dev,1,156813325390890,train,fsd50k/FSD50K.dev_audio/120699.wav,real
el:RAIN:156813325390890,synth,RAIN,other,elevenlabs,elevenlabs,synth,generated,fsd:dev:RAIN:120699,gen,1,156813325390890,train,synth/el_pairs/RAIN/156813325390890.mp3,elevenlabs
fsd:dev:RAIN:123987,real,RAIN,texture,fsd50k,real,real,fsd50k,123987,dev,1,134979020055638,train,fsd50k/FSD50K.dev_audio/123987.wav,real
el:RAIN:134979020055638,synth,RAIN,other,elevenlabs,elevenlabs,synth,generated,fsd:dev:RAIN:123987,gen,1,134979020055638,train,synth/el_pairs/RAIN/134979020055638.mp3,elevenlabs
fsd:dev:RAIN:12653,real,RAIN,texture,fsd50k,real,real,fsd50k,12653,dev,1,99368616696658,train,fsd50k/FSD50K.dev_audio/12653.wav,real
el:RAIN:99368616696658,synth,RAIN,other,elevenlabs,elevenlabs,synth,generated,fsd:dev:RAIN:12653,gen,1,99368616696658,train,synth/el_pairs/RAIN/99368616696658.mp3,elevenlabs
fsd:dev:RAIN:134956,real,RAIN,texture,fsd50k,real,real,fsd50k,134956,dev,1,114426472580991,train,fsd50k/FSD50K.dev_audio/134956.wav,real
el:RAIN:114426472580991,synth,RAIN,other,elevenlabs,elevenlabs,synth,generated,fsd:dev:RAIN:134956,gen,1,114426472580991,train,synth/el_pairs/RAIN/114426472580991.mp3,elevenlabs
fsd:dev:RAIN:134957,real,RAIN,texture,fsd50k,real,real,fsd50k,134957,dev,1,177140610548713,train,fsd50k/FSD50K.dev_audio/134957.wav,real
el:RAIN:177140610548713,synth,RAIN,other,elevenlabs,elevenlabs,synth,generated,fsd:dev:RAIN:134957,gen,1,177140610548713,train,synth/el_pairs/RAIN/177140610548713.mp3,elevenlabs
fsd:dev:RAIN:136690,real,RAIN,texture,fsd50k,real,real,fsd50k,136690,dev,1,94535731522115,train,fsd50k/FSD50K.dev_audio/136690.wav,real
el:RAIN:94535731522115,synth,RAIN,other,elevenlabs,elevenlabs,synth,generated,fsd:dev:RAIN:136690,gen,1,94535731522115,train,synth/el_pairs/RAIN/94535731522115.mp3,elevenlabs
fsd:dev:RAIN:136691,real,RAIN,texture,fsd50k,real,real,fsd50k,136691,dev,1,134549630484229,train,fsd50k/FSD50K.dev_audio/136691.wav,real
el:RAIN:134549630484229,synth,RAIN,other,elevenlabs,elevenlabs,synth,generated,fsd:dev:RAIN:136691,gen,1,134549630484229,train,synth/el_pairs/RAIN/134549630484229.mp3,elevenlabs
fsd:dev:RAIN:137022,real,RAIN,texture,fsd50k,real,real,fsd50k,137022,dev,1,66867921934874,train,fsd50k/FSD50K.dev_audio/137022.wav,real
el:RAIN:66867921934874,synth,RAIN,other,elevenlabs,elevenlabs,synth,generated,fsd:dev:RAIN:137022,gen,1,66867921934874,train,synth/el_pairs/RAIN/66867921934874.mp3,elevenlabs
fsd:dev:TOOL:116608,real,TOOL,mechanical,fsd50k,real,real,fsd50k,116608,dev,1,166643810700615,train,fsd50k/FSD50K.dev_audio/116608.wav,real
el:TOOL:166643810700615,synth,TOOL,other,elevenlabs,elevenlabs,synth,generated,fsd:dev:TOOL:116608,gen,1,166643810700615,train,synth/el_pairs/TOOL/166643810700615.mp3,elevenlabs
fsd:dev:TOOL:118200,real,TOOL,mechanical,fsd50k,real,real,fsd50k,118200,dev,1,252241273959217,train,fsd50k/FSD50K.dev_audio/118200.wav,real
el:TOOL:252241273959217,synth,TOOL,other,elevenlabs,elevenlabs,synth,generated,fsd:dev:TOOL:118200,gen,1,252241273959217,train,synth/el_pairs/TOOL/252241273959217.mp3,elevenlabs
fsd:dev:TOOL:118209,real,TOOL,mechanical,fsd50k,real,real,fsd50k,118209,dev,1,55017077801549,train,fsd50k/FSD50K.dev_audio/118209.wav,real
el:TOOL:55017077801549,synth,TOOL,other,elevenlabs,elevenlabs,synth,generated,fsd:dev:TOOL:118209,gen,1,55017077801549,train,synth/el_pairs/TOOL/55017077801549.mp3,elevenlabs
fsd:dev:TOOL:118210,real,TOOL,mechanical,fsd50k,real,real,fsd50k,118210,dev,1,212807620513477,train,fsd50k/FSD50K.dev_audio/118210.wav,real
fsd:dev:TOOL:119902,real,TOOL,mechanical,fsd50k,real,real,fsd50k,119902,dev,1,234623070571025,train,fsd50k/FSD50K.dev_audio/119902.wav,real
el:TOOL:234623070571025,synth,TOOL,other,elevenlabs,elevenlabs,synth,generated,fsd:dev:TOOL:119902,gen,1,234623070571025,train,synth/el_pairs/TOOL/234623070571025.mp3,elevenlabs
fsd:dev:TOOL:127538,real,TOOL,mechanical,fsd50k,real,real,fsd50k,127538,dev,1,197246646211153,train,fsd50k/FSD50K.dev_audio/127538.wav,real
el:TOOL:197246646211153,synth,TOOL,other,elevenlabs,elevenlabs,synth,generated,fsd:dev:TOOL:127538,gen,1,197246646211153,train,synth/el_pairs/TOOL/197246646211153.mp3,elevenlabs
fsd:dev:TOOL:139000,real,TOOL,mechanical,fsd50k,real,real,fsd50k,139000,dev,1,156298742571821,val,fsd50k/FSD50K.dev_audio/139000.wav,real
el:TOOL:156298742571821,synth,TOOL,other,elevenlabs,elevenlabs,synth,generated,fsd:dev:TOOL:139000,gen,1,156298742571821,val,synth/el_pairs/TOOL/156298742571821.mp3,elevenlabs
fsd:dev:TOOL:144126,real,TOOL,mechanical,fsd50k,real,real,fsd50k,144126,dev,1,36309717378465,val,fsd50k/FSD50K.dev_audio/144126.wav,real
el:TOOL:36309717378465,synth,TOOL,other,elevenlabs,elevenlabs,synth,generated,fsd:dev:TOOL:144126,gen,1,36309717378465,val,synth/el_pairs/TOOL/36309717378465.mp3,elevenlabs
fsd:dev:TOOL:155756,real,TOOL,mechanical,fsd50k,real,real,fsd50k,155756,dev,1,82060484381566,train,fsd50k/FSD50K.dev_audio/155756.wav,real
el:TOOL:82060484381566,synth,TOOL,other,elevenlabs,elevenlabs,synth,generated,fsd:dev:TOOL:155756,gen,1,82060484381566,train,synth/el_pairs/TOOL/82060484381566.mp3,elevenlabs
fsd:dev:TOOL:155759,real,TOOL,mechanical,fsd50k,real,real,fsd50k,155759,dev,1,19017630288065,train,fsd50k/FSD50K.dev_audio/155759.wav,real
el:TOOL:19017630288065,synth,TOOL,other,elevenlabs,elevenlabs,synth,generated,fsd:dev:TOOL:155759,gen,1,19017630288065,train,synth/el_pairs/TOOL/19017630288065.mp3,elevenlabs
fsd:dev:TOOL:155763,real,TOOL,mechanical,fsd50k,real,real,fsd50k,155763,dev,1,247625440254155,train,fsd50k/FSD50K.dev_audio/155763.wav,real
el:TOOL:247625440254155,synth,TOOL,other,elevenlabs,elevenlabs,synth,generated,fsd:dev:TOOL:155763,gen,1,247625440254155,train,synth/el_pairs/TOOL/247625440254155.mp3,elevenlabs
fsd:dev:TOOL:157613,real,TOOL,mechanical,fsd50k,real,real,fsd50k,157613,dev,1,11469170246562,val,fsd50k/FSD50K.dev_audio/157613.wav,real
el:TOOL:11469170246562,synth,TOOL,other,elevenlabs,elevenlabs,synth,generated,fsd:dev:TOOL:157613,gen,1,11469170246562,val,synth/el_pairs/TOOL/11469170246562.mp3,elevenlabs
fsd:dev:TOOL:157737,real,TOOL,mechanical,fsd50k,real,real,fsd50k,157737,dev,1,140564926296949,val,fsd50k/FSD50K.dev_audio/157737.wav,real
el:TOOL:140564926296949,synth,TOOL,other,elevenlabs,elevenlabs,synth,generated,fsd:dev:TOOL:157737,gen,1,140564926296949,val,synth/el_pairs/TOOL/140564926296949.mp3,elevenlabs
fsd:dev:TOOL:160681,real,TOOL,mechanical,fsd50k,real,real,fsd50k,160681,dev,1,69475309689226,val,fsd50k/FSD50K.dev_audio/160681.wav,real
el:TOOL:69475309689226,synth,TOOL,other,elevenlabs,elevenlabs,synth,generated,fsd:dev:TOOL:160681,gen,1,69475309689226,val,synth/el_pairs/TOOL/69475309689226.mp3,elevenlabs
fsd:dev:TOOL:164832,real,TOOL,mechanical,fsd50k,real,real,fsd50k,164832,dev,1,232286458021485,train,fsd50k/FSD50K.dev_audio/164832.wav,real
el:TOOL:232286458021485,synth,TOOL,other,elevenlabs,elevenlabs,synth,generated,fsd:dev:TOOL:164832,gen,1,232286458021485,train,synth/el_pairs/TOOL/232286458021485.mp3,elevenlabs
fsd:dev:TOOL:168719,real,TOOL,mechanical,fsd50k,real,real,fsd50k,168719,dev,1,114195679667380,train,fsd50k/FSD50K.dev_audio/168719.wav,real
el:TOOL:114195679667380,synth,TOOL,other,elevenlabs,elevenlabs,synth,generated,fsd:dev:TOOL:168719,gen,1,114195679667380,train,synth/el_pairs/TOOL/114195679667380.mp3,elevenlabs
fsd:dev:TOOL:169136,real,TOOL,mechanical,fsd50k,real,real,fsd50k,169136,dev,1,106545544460394,train,fsd50k/FSD50K.dev_audio/169136.wav,real
el:TOOL:106545544460394,synth,TOOL,other,elevenlabs,elevenlabs,synth,generated,fsd:dev:TOOL:169136,gen,1,106545544460394,train,synth/el_pairs/TOOL/106545544460394.mp3,elevenlabs
fsd:dev:TOOL:169137,real,TOOL,mechanical,fsd50k,real,real,fsd50k,169137,dev,1,139949837234479,train,fsd50k/FSD50K.dev_audio/169137.wav,real
el:TOOL:139949837234479,synth,TOOL,other,elevenlabs,elevenlabs,synth,generated,fsd:dev:TOOL:169137,gen,1,139949837234479,train,synth/el_pairs/TOOL/139949837234479.mp3,elevenlabs
fsd:dev:TOOL:171739,real,TOOL,mechanical,fsd50k,real,real,fsd50k,171739,dev,1,67565481697697,train,fsd50k/FSD50K.dev_audio/171739.wav,real
el:TOOL:67565481697697,synth,TOOL,other,elevenlabs,elevenlabs,synth,generated,fsd:dev:TOOL:171739,gen,1,67565481697697,train,synth/el_pairs/TOOL/67565481697697.mp3,elevenlabs
fsd:dev:TOOL:182821,real,TOOL,mechanical,fsd50k,real,real,fsd50k,182821,dev,1,42416624057104,train,fsd50k/FSD50K.dev_audio/182821.wav,real
el:TOOL:42416624057104,synth,TOOL,other,elevenlabs,elevenlabs,synth,generated,fsd:dev:TOOL:182821,gen,1,42416624057104,train,synth/el_pairs/TOOL/42416624057104.mp3,elevenlabs
fsd:dev:VEH:103325,real,VEH,mechanical,fsd50k,real,real,fsd50k,103325,dev,1,273517005076288,train,fsd50k/FSD50K.dev_audio/103325.wav,real
el:VEH:273517005076288,synth,VEH,other,elevenlabs,elevenlabs,synth,generated,fsd:dev:VEH:103325,gen,1,273517005076288,train,synth/el_pairs/VEH/273517005076288.mp3,elevenlabs
fsd:dev:VEH:103326,real,VEH,mechanical,fsd50k,real,real,fsd50k,103326,dev,1,129208830318974,train,fsd50k/FSD50K.dev_audio/103326.wav,real
el:VEH:129208830318974,synth,VEH,other,elevenlabs,elevenlabs,synth,generated,fsd:dev:VEH:103326,gen,1,129208830318974,train,synth/el_pairs/VEH/129208830318974.mp3,elevenlabs
fsd:dev:VEH:104422,real,VEH,mechanical,fsd50k,real,real,fsd50k,104422,dev,1,127567866486347,train,fsd50k/FSD50K.dev_audio/104422.wav,real
el:VEH:127567866486347,synth,VEH,other,elevenlabs,elevenlabs,synth,generated,fsd:dev:VEH:104422,gen,1,127567866486347,train,synth/el_pairs/VEH/127567866486347.mp3,elevenlabs
fsd:dev:VEH:106486,real,VEH,mechanical,fsd50k,real,real,fsd50k,106486,dev,1,194682068652333,train,fsd50k/FSD50K.dev_audio/106486.wav,real
el:VEH:194682068652333,synth,VEH,other,elevenlabs,elevenlabs,synth,generated,fsd:dev:VEH:106486,gen,1,194682068652333,train,synth/el_pairs/VEH/194682068652333.mp3,elevenlabs
fsd:dev:VEH:106487,real,VEH,mechanical,fsd50k,real,real,fsd50k,106487,dev,1,134723183787611,train,fsd50k/FSD50K.dev_audio/106487.wav,real
el:VEH:134723183787611,synth,VEH,other,elevenlabs,elevenlabs,synth,generated,fsd:dev:VEH:106487,gen,1,134723183787611,train,synth/el_pairs/VEH/134723183787611.mp3,elevenlabs
fsd:dev:VEH:107272,real,VEH,mechanical,fsd50k,real,real,fsd50k,107272,dev,1,11337162639119,train,fsd50k/FSD50K.dev_audio/107272.wav,real
el:VEH:11337162639119,synth,VEH,other,elevenlabs,elevenlabs,synth,generated,fsd:dev:VEH:107272,gen,1,11337162639119,train,synth/el_pairs/VEH/11337162639119.mp3,elevenlabs
fsd:dev:VEH:107273,real,VEH,mechanical,fsd50k,real,real,fsd50k,107273,dev,1,13798643385086,train,fsd50k/FSD50K.dev_audio/107273.wav,real
el:VEH:13798643385086,synth,VEH,other,elevenlabs,elevenlabs,synth,generated,fsd:dev:VEH:107273,gen,1,13798643385086,train,synth/el_pairs/VEH/13798643385086.mp3,elevenlabs
fsd:dev:VEH:110734,real,VEH,mechanical,fsd50k,real,real,fsd50k,110734,dev,1,115509348510138,train,fsd50k/FSD50K.dev_audio/110734.wav,real
el:VEH:115509348510138,synth,VEH,other,elevenlabs,elevenlabs,synth,generated,fsd:dev:VEH:110734,gen,1,115509348510138,train,synth/el_pairs/VEH/115509348510138.mp3,elevenlabs
fsd:dev:VEH:110735,real,VEH,mechanical,fsd50k,real,real,fsd50k,110735,dev,1,85060301100302,train,fsd50k/FSD50K.dev_audio/110735.wav,real
el:VEH:85060301100302,synth,VEH,other,elevenlabs,elevenlabs,synth,generated,fsd:dev:VEH:110735,gen,1,85060301100302,train,synth/el_pairs/VEH/85060301100302.mp3,elevenlabs
fsd:dev:VEH:111634,real,VEH,mechanical,fsd50k,real,real,fsd50k,111634,dev,1,97573273585510,val,fsd50k/FSD50K.dev_audio/111634.wav,real
el:VEH:97573273585510,synth,VEH,other,elevenlabs,elevenlabs,synth,generated,fsd:dev:VEH:111634,gen,1,97573273585510,val,synth/el_pairs/VEH/97573273585510.mp3,elevenlabs
fsd:dev:VEH:112380,real,VEH,mechanical,fsd50k,real,real,fsd50k,112380,dev,1,26611505876111,val,fsd50k/FSD50K.dev_audio/112380.wav,real
el:VEH:26611505876111,synth,VEH,other,elevenlabs,elevenlabs,synth,generated,fsd:dev:VEH:112380,gen,1,26611505876111,val,synth/el_pairs/VEH/26611505876111.mp3,elevenlabs
fsd:dev:VEH:117165,real,VEH,mechanical,fsd50k,real,real,fsd50k,117165,dev,1,131539911263085,val,fsd50k/FSD50K.dev_audio/117165.wav,real
el:VEH:131539911263085,synth,VEH,other,elevenlabs,elevenlabs,synth,generated,fsd:dev:VEH:117165,gen,1,131539911263085,val,synth/el_pairs/VEH/131539911263085.mp3,elevenlabs
fsd:dev:VEH:12701,real,VEH,mechanical,fsd50k,real,real,fsd50k,12701,dev,1,34074323320299,train,fsd50k/FSD50K.dev_audio/12701.wav,real
el:VEH:34074323320299,synth,VEH,other,elevenlabs,elevenlabs,synth,generated,fsd:dev:VEH:12701,gen,1,34074323320299,train,synth/el_pairs/VEH/34074323320299.mp3,elevenlabs
fsd:dev:VEH:12702,real,VEH,mechanical,fsd50k,real,real,fsd50k,12702,dev,1,52153212982348,train,fsd50k/FSD50K.dev_audio/12702.wav,real
el:VEH:52153212982348,synth,VEH,other,elevenlabs,elevenlabs,synth,generated,fsd:dev:VEH:12702,gen,1,52153212982348,train,synth/el_pairs/VEH/52153212982348.mp3,elevenlabs
fsd:dev:VEH:12703,real,VEH,mechanical,fsd50k,real,real,fsd50k,12703,dev,1,246699727595428,train,fsd50k/FSD50K.dev_audio/12703.wav,real
el:VEH:246699727595428,synth,VEH,other,elevenlabs,elevenlabs,synth,generated,fsd:dev:VEH:12703,gen,1,246699727595428,train,synth/el_pairs/VEH/246699727595428.mp3,elevenlabs
fsd:dev:VEH:12706,real,VEH,mechanical,fsd50k,real,real,fsd50k,12706,dev,1,41144514844223,train,fsd50k/FSD50K.dev_audio/12706.wav,real
el:VEH:41144514844223,synth,VEH,other,elevenlabs,elevenlabs,synth,generated,fsd:dev:VEH:12706,gen,1,41144514844223,train,synth/el_pairs/VEH/41144514844223.mp3,elevenlabs
fsd:dev:VEH:12707,real,VEH,mechanical,fsd50k,real,real,fsd50k,12707,dev,1,140590797411192,train,fsd50k/FSD50K.dev_audio/12707.wav,real
el:VEH:140590797411192,synth,VEH,other,elevenlabs,elevenlabs,synth,generated,fsd:dev:VEH:12707,gen,1,140590797411192,train,synth/el_pairs/VEH/140590797411192.mp3,elevenlabs
fsd:dev:VEH:12709,real,VEH,mechanical,fsd50k,real,real,fsd50k,12709,dev,1,159828921012967,train,fsd50k/FSD50K.dev_audio/12709.wav,real
el:VEH:159828921012967,synth,VEH,other,elevenlabs,elevenlabs,synth,generated,fsd:dev:VEH:12709,gen,1,159828921012967,train,synth/el_pairs/VEH/159828921012967.mp3,elevenlabs
fsd:dev:VEH:12710,real,VEH,mechanical,fsd50k,real,real,fsd50k,12710,dev,1,205335324088653,train,fsd50k/FSD50K.dev_audio/12710.wav,real
el:VEH:205335324088653,synth,VEH,other,elevenlabs,elevenlabs,synth,generated,fsd:dev:VEH:12710,gen,1,205335324088653,train,synth/el_pairs/VEH/205335324088653.mp3,elevenlabs
fsd:dev:VEH:12711,real,VEH,mechanical,fsd50k,real,real,fsd50k,12711,dev,1,42055717033157,train,fsd50k/FSD50K.dev_audio/12711.wav,real
el:VEH:42055717033157,synth,VEH,other,elevenlabs,elevenlabs,synth,generated,fsd:dev:VEH:12711,gen,1,42055717033157,train,synth/el_pairs/VEH/42055717033157.mp3,elevenlabs
fsd:dev:VOX:133718,real,VOX,vocal,fsd50k,real,real,fsd50k,133718,dev,1,78055663814435,train,fsd50k/FSD50K.dev_audio/133718.wav,real
el:VOX:78055663814435,synth,VOX,other,elevenlabs,elevenlabs,synth,generated,fsd:dev:VOX:133718,gen,1,78055663814435,train,synth/el_pairs/VOX/78055663814435.mp3,elevenlabs
fsd:dev:VOX:144009,real,VOX,vocal,fsd50k,real,real,fsd50k,144009,dev,1,79819091077461,val,fsd50k/FSD50K.dev_audio/144009.wav,real
el:VOX:79819091077461,synth,VOX,other,elevenlabs,elevenlabs,synth,generated,fsd:dev:VOX:144009,gen,1,79819091077461,val,synth/el_pairs/VOX/79819091077461.mp3,elevenlabs
fsd:dev:VOX:144010,real,VOX,vocal,fsd50k,real,real,fsd50k,144010,dev,1,70965880142959,train,fsd50k/FSD50K.dev_audio/144010.wav,real
el:VOX:70965880142959,synth,VOX,other,elevenlabs,elevenlabs,synth,generated,fsd:dev:VOX:144010,gen,1,70965880142959,train,synth/el_pairs/VOX/70965880142959.mp3,elevenlabs
fsd:dev:VOX:157018,real,VOX,vocal,fsd50k,real,real,fsd50k,157018,dev,1,109263075022644,train,fsd50k/FSD50K.dev_audio/157018.wav,real
el:VOX:109263075022644,synth,VOX,other,elevenlabs,elevenlabs,synth,generated,fsd:dev:VOX:157018,gen,1,109263075022644,train,synth/el_pairs/VOX/109263075022644.mp3,elevenlabs
fsd:dev:VOX:170623,real,VOX,vocal,fsd50k,real,real,fsd50k,170623,dev,1,112311875901831,train,fsd50k/FSD50K.dev_audio/170623.wav,real
el:VOX:112311875901831,synth,VOX,other,elevenlabs,elevenlabs,synth,generated,fsd:dev:VOX:170623,gen,1,112311875901831,train,synth/el_pairs/VOX/112311875901831.mp3,elevenlabs
fsd:dev:VOX:170782,real,VOX,vocal,fsd50k,real,real,fsd50k,170782,dev,1,1901829270216,train,fsd50k/FSD50K.dev_audio/170782.wav,real
fsd:dev:VOX:170786,real,VOX,vocal,fsd50k,real,real,fsd50k,170786,dev,1,208679381952258,train,fsd50k/FSD50K.dev_audio/170786.wav,real
el:VOX:208679381952258,synth,VOX,other,elevenlabs,elevenlabs,synth,generated,fsd:dev:VOX:170786,gen,1,208679381952258,train,synth/el_pairs/VOX/208679381952258.mp3,elevenlabs
fsd:dev:VOX:171942,real,VOX,vocal,fsd50k,real,real,fsd50k,171942,dev,1,181307617042406,val,fsd50k/FSD50K.dev_audio/171942.wav,real
el:VOX:181307617042406,synth,VOX,other,elevenlabs,elevenlabs,synth,generated,fsd:dev:VOX:171942,gen,1,181307617042406,val,synth/el_pairs/VOX/181307617042406.mp3,elevenlabs
fsd:dev:VOX:17643,real,VOX,vocal,fsd50k,real,real,fsd50k,17643,dev,1,111633501486389,train,fsd50k/FSD50K.dev_audio/17643.wav,real
el:VOX:111633501486389,synth,VOX,other,elevenlabs,elevenlabs,synth,generated,fsd:dev:VOX:17643,gen,1,111633501486389,train,synth/el_pairs/VOX/111633501486389.mp3,elevenlabs
fsd:dev:VOX:178410,real,VOX,vocal,fsd50k,real,real,fsd50k,178410,dev,1,237271793668373,train,fsd50k/FSD50K.dev_audio/178410.wav,real
el:VOX:237271793668373,synth,VOX,other,elevenlabs,elevenlabs,synth,generated,fsd:dev:VOX:178410,gen,1,237271793668373,train,synth/el_pairs/VOX/237271793668373.mp3,elevenlabs
fsd:dev:VOX:178419,real,VOX,vocal,fsd50k,real,real,fsd50k,178419,dev,1,120038677667614,train,fsd50k/FSD50K.dev_audio/178419.wav,real
el:VOX:120038677667614,synth,VOX,other,elevenlabs,elevenlabs,synth,generated,fsd:dev:VOX:178419,gen,1,120038677667614,train,synth/el_pairs/VOX/120038677667614.mp3,elevenlabs
fsd:dev:VOX:178849,real,VOX,vocal,fsd50k,real,real,fsd50k,178849,dev,1,84465214948386,train,fsd50k/FSD50K.dev_audio/178849.wav,real
el:VOX:84465214948386,synth,VOX,other,elevenlabs,elevenlabs,synth,generated,fsd:dev:VOX:178849,gen,1,84465214948386,train,synth/el_pairs/VOX/84465214948386.mp3,elevenlabs
fsd:dev:VOX:179315,real,VOX,vocal,fsd50k,real,real,fsd50k,179315,dev,1,160640397962642,train,fsd50k/FSD50K.dev_audio/179315.wav,real
el:VOX:160640397962642,synth,VOX,other,elevenlabs,elevenlabs,synth,generated,fsd:dev:VOX:179315,gen,1,160640397962642,train,synth/el_pairs/VOX/160640397962642.mp3,elevenlabs
fsd:dev:VOX:179319,real,VOX,vocal,fsd50k,real,real,fsd50k,179319,dev,1,22529309742755,train,fsd50k/FSD50K.dev_audio/179319.wav,real
el:VOX:22529309742755,synth,VOX,other,elevenlabs,elevenlabs,synth,generated,fsd:dev:VOX:179319,gen,1,22529309742755,train,synth/el_pairs/VOX/22529309742755.mp3,elevenlabs
fsd:dev:VOX:179321,real,VOX,vocal,fsd50k,real,real,fsd50k,179321,dev,1,192184025188918,train,fsd50k/FSD50K.dev_audio/179321.wav,real
el:VOX:192184025188918,synth,VOX,other,elevenlabs,elevenlabs,synth,generated,fsd:dev:VOX:179321,gen,1,192184025188918,train,synth/el_pairs/VOX/192184025188918.mp3,elevenlabs
fsd:dev:VOX:179332,real,VOX,vocal,fsd50k,real,real,fsd50k,179332,dev,1,123653199340402,train,fsd50k/FSD50K.dev_audio/179332.wav,real
el:VOX:123653199340402,synth,VOX,other,elevenlabs,elevenlabs,synth,generated,fsd:dev:VOX:179332,gen,1,123653199340402,train,synth/el_pairs/VOX/123653199340402.mp3,elevenlabs
fsd:dev:VOX:179989,real,VOX,vocal,fsd50k,real,real,fsd50k,179989,dev,1,85479903799441,train,fsd50k/FSD50K.dev_audio/179989.wav,real
el:VOX:85479903799441,synth,VOX,other,elevenlabs,elevenlabs,synth,generated,fsd:dev:VOX:179989,gen,1,85479903799441,train,synth/el_pairs/VOX/85479903799441.mp3,elevenlabs
fsd:dev:VOX:179990,real,VOX,vocal,fsd50k,real,real,fsd50k,179990,dev,1,116670642535319,train,fsd50k/FSD50K.dev_audio/179990.wav,real
el:VOX:116670642535319,synth,VOX,other,elevenlabs,elevenlabs,synth,generated,fsd:dev:VOX:179990,gen,1,116670642535319,train,synth/el_pairs/VOX/116670642535319.mp3,elevenlabs
fsd:dev:VOX:179991,real,VOX,vocal,fsd50k,real,real,fsd50k,179991,dev,1,247432317541180,train,fsd50k/FSD50K.dev_audio/179991.wav,real
el:VOX:247432317541180,synth,VOX,other,elevenlabs,elevenlabs,synth,generated,fsd:dev:VOX:179991,gen,1,247432317541180,train,synth/el_pairs/VOX/247432317541180.mp3,elevenlabs
fsd:dev:VOX:179993,real,VOX,vocal,fsd50k,real,real,fsd50k,179993,dev,1,157177344486313,train,fsd50k/FSD50K.dev_audio/179993.wav,real
el:VOX:157177344486313,synth,VOX,other,elevenlabs,elevenlabs,synth,generated,fsd:dev:VOX:179993,gen,1,157177344486313,train,synth/el_pairs/VOX/157177344486313.mp3,elevenlabs
fsd:dev:WATR:102190,real,WATR,texture,fsd50k,real,real,fsd50k,102190,dev,1,73205171816523,train,fsd50k/FSD50K.dev_audio/102190.wav,real
el:WATR:73205171816523,synth,WATR,other,elevenlabs,elevenlabs,synth,generated,fsd:dev:WATR:102190,gen,1,73205171816523,train,synth/el_pairs/WATR/73205171816523.mp3,elevenlabs
fsd:dev:WATR:102912,real,WATR,texture,fsd50k,real,real,fsd50k,102912,dev,1,81044976650271,val,fsd50k/FSD50K.dev_audio/102912.wav,real
el:WATR:81044976650271,synth,WATR,other,elevenlabs,elevenlabs,synth,generated,fsd:dev:WATR:102912,gen,1,81044976650271,val,synth/el_pairs/WATR/81044976650271.mp3,elevenlabs
fsd:dev:WATR:103955,real,WATR,texture,fsd50k,real,real,fsd50k,103955,dev,1,133237686467845,train,fsd50k/FSD50K.dev_audio/103955.wav,real
el:WATR:133237686467845,synth,WATR,other,elevenlabs,elevenlabs,synth,generated,fsd:dev:WATR:103955,gen,1,133237686467845,train,synth/el_pairs/WATR/133237686467845.mp3,elevenlabs
fsd:dev:WATR:108788,real,WATR,texture,fsd50k,real,real,fsd50k,108788,dev,1,262950939704150,train,fsd50k/FSD50K.dev_audio/108788.wav,real
el:WATR:262950939704150,synth,WATR,other,elevenlabs,elevenlabs,synth,generated,fsd:dev:WATR:108788,gen,1,262950939704150,train,synth/el_pairs/WATR/262950939704150.mp3,elevenlabs
fsd:dev:WATR:108792,real,WATR,texture,fsd50k,real,real,fsd50k,108792,dev,1,232341152129832,train,fsd50k/FSD50K.dev_audio/108792.wav,real
el:WATR:232341152129832,synth,WATR,other,elevenlabs,elevenlabs,synth,generated,fsd:dev:WATR:108792,gen,1,232341152129832,train,synth/el_pairs/WATR/232341152129832.mp3,elevenlabs
fsd:dev:WATR:114637,real,WATR,texture,fsd50k,real,real,fsd50k,114637,dev,1,257575019420937,val,fsd50k/FSD50K.dev_audio/114637.wav,real
el:WATR:257575019420937,synth,WATR,other,elevenlabs,elevenlabs,synth,generated,fsd:dev:WATR:114637,gen,1,257575019420937,val,synth/el_pairs/WATR/257575019420937.mp3,elevenlabs
fsd:dev:WATR:118857,real,WATR,texture,fsd50k,real,real,fsd50k,118857,dev,1,152240509272440,train,fsd50k/FSD50K.dev_audio/118857.wav,real
el:WATR:152240509272440,synth,WATR,other,elevenlabs,elevenlabs,synth,generated,fsd:dev:WATR:118857,gen,1,152240509272440,train,synth/el_pairs/WATR/152240509272440.mp3,elevenlabs
fsd:dev:WATR:119717,real,WATR,texture,fsd50k,real,real,fsd50k,119717,dev,1,90113984705527,val,fsd50k/FSD50K.dev_audio/119717.wav,real
el:WATR:90113984705527,synth,WATR,other,elevenlabs,elevenlabs,synth,generated,fsd:dev:WATR:119717,gen,1,90113984705527,val,synth/el_pairs/WATR/90113984705527.mp3,elevenlabs
fsd:dev:WATR:119718,real,WATR,texture,fsd50k,real,real,fsd50k,119718,dev,1,215485981726530,val,fsd50k/FSD50K.dev_audio/119718.wav,real
el:WATR:215485981726530,synth,WATR,other,elevenlabs,elevenlabs,synth,generated,fsd:dev:WATR:119718,gen,1,215485981726530,val,synth/el_pairs/WATR/215485981726530.mp3,elevenlabs
fsd:dev:WATR:119720,real,WATR,texture,fsd50k,real,real,fsd50k,119720,dev,1,17492970644284,train,fsd50k/FSD50K.dev_audio/119720.wav,real
el:WATR:17492970644284,synth,WATR,other,elevenlabs,elevenlabs,synth,generated,fsd:dev:WATR:119720,gen,1,17492970644284,train,synth/el_pairs/WATR/17492970644284.mp3,elevenlabs
fsd:dev:WATR:119722,real,WATR,texture,fsd50k,real,real,fsd50k,119722,dev,1,46431268033125,train,fsd50k/FSD50K.dev_audio/119722.wav,real
el:WATR:46431268033125,synth,WATR,other,elevenlabs,elevenlabs,synth,generated,fsd:dev:WATR:119722,gen,1,46431268033125,train,synth/el_pairs/WATR/46431268033125.mp3,elevenlabs
fsd:dev:WATR:123646,real,WATR,texture,fsd50k,real,real,fsd50k,123646,dev,1,280223902319867,train,fsd50k/FSD50K.dev_audio/123646.wav,real
el:WATR:280223902319867,synth,WATR,other,elevenlabs,elevenlabs,synth,generated,fsd:dev:WATR:123646,gen,1,280223902319867,train,synth/el_pairs/WATR/280223902319867.mp3,elevenlabs
fsd:dev:WATR:126984,real,WATR,texture,fsd50k,real,real,fsd50k,126984,dev,1,1488008977945,train,fsd50k/FSD50K.dev_audio/126984.wav,real
el:WATR:1488008977945,synth,WATR,other,elevenlabs,elevenlabs,synth,generated,fsd:dev:WATR:126984,gen,1,1488008977945,train,synth/el_pairs/WATR/1488008977945.mp3,elevenlabs
fsd:dev:WATR:127001,real,WATR,texture,fsd50k,real,real,fsd50k,127001,dev,1,148454459980492,train,fsd50k/FSD50K.dev_audio/127001.wav,real
el:WATR:148454459980492,synth,WATR,other,elevenlabs,elevenlabs,synth,generated,fsd:dev:WATR:127001,gen,1,148454459980492,train,synth/el_pairs/WATR/148454459980492.mp3,elevenlabs
fsd:dev:WATR:127669,real,WATR,texture,fsd50k,real,real,fsd50k,127669,dev,1,249469474887751,train,fsd50k/FSD50K.dev_audio/127669.wav,real
el:WATR:249469474887751,synth,WATR,other,elevenlabs,elevenlabs,synth,generated,fsd:dev:WATR:127669,gen,1,249469474887751,train,synth/el_pairs/WATR/249469474887751.mp3,elevenlabs
fsd:dev:WATR:127840,real,WATR,texture,fsd50k,real,real,fsd50k,127840,dev,1,139952589996307,train,fsd50k/FSD50K.dev_audio/127840.wav,real
el:WATR:139952589996307,synth,WATR,other,elevenlabs,elevenlabs,synth,generated,fsd:dev:WATR:127840,gen,1,139952589996307,train,synth/el_pairs/WATR/139952589996307.mp3,elevenlabs
fsd:dev:WATR:127842,real,WATR,texture,fsd50k,real,real,fsd50k,127842,dev,1,273648080472054,train,fsd50k/FSD50K.dev_audio/127842.wav,real
el:WATR:273648080472054,synth,WATR,other,elevenlabs,elevenlabs,synth,generated,fsd:dev:WATR:127842,gen,1,273648080472054,train,synth/el_pairs/WATR/273648080472054.mp3,elevenlabs
fsd:dev:WATR:127844,real,WATR,texture,fsd50k,real,real,fsd50k,127844,dev,1,184774286620423,train,fsd50k/FSD50K.dev_audio/127844.wav,real
el:WATR:184774286620423,synth,WATR,other,elevenlabs,elevenlabs,synth,generated,fsd:dev:WATR:127844,gen,1,184774286620423,train,synth/el_pairs/WATR/184774286620423.mp3,elevenlabs
fsd:dev:WATR:128049,real,WATR,texture,fsd50k,real,real,fsd50k,128049,dev,1,61201522734463,train,fsd50k/FSD50K.dev_audio/128049.wav,real
el:WATR:61201522734463,synth,WATR,other,elevenlabs,elevenlabs,synth,generated,fsd:dev:WATR:128049,gen,1,61201522734463,train,synth/el_pairs/WATR/61201522734463.mp3,elevenlabs
fsd:dev:WATR:135866,real,WATR,texture,fsd50k,real,real,fsd50k,135866,dev,1,20182184297697,train,fsd50k/FSD50K.dev_audio/135866.wav,real
el:WATR:20182184297697,synth,WATR,other,elevenlabs,elevenlabs,synth,generated,fsd:dev:WATR:135866,gen,1,20182184297697,train,synth/el_pairs/WATR/20182184297697.mp3,elevenlabs
fsd:dev:WHSH:101432,real,WHSH,whoosh,fsd50k,real,real,fsd50k,101432,dev,1,197643351384527,train,fsd50k/FSD50K.dev_audio/101432.wav,real
el:WHSH:197643351384527,synth,WHSH,other,elevenlabs,elevenlabs,synth,generated,fsd:dev:WHSH:101432,gen,1,197643351384527,train,synth/el_pairs/WHSH/197643351384527.mp3,elevenlabs
fsd:dev:WHSH:108332,real,WHSH,whoosh,fsd50k,real,real,fsd50k,108332,dev,1,112905416324669,val,fsd50k/FSD50K.dev_audio/108332.wav,real
el:WHSH:112905416324669,synth,WHSH,other,elevenlabs,elevenlabs,synth,generated,fsd:dev:WHSH:108332,gen,1,112905416324669,val,synth/el_pairs/WHSH/112905416324669.mp3,elevenlabs
fsd:dev:WHSH:112155,real,WHSH,whoosh,fsd50k,real,real,fsd50k,112155,dev,1,119551148251595,train,fsd50k/FSD50K.dev_audio/112155.wav,real
el:WHSH:119551148251595,synth,WHSH,other,elevenlabs,elevenlabs,synth,generated,fsd:dev:WHSH:112155,gen,1,119551148251595,train,synth/el_pairs/WHSH/119551148251595.mp3,elevenlabs
fsd:dev:WHSH:121649,real,WHSH,whoosh,fsd50k,real,real,fsd50k,121649,dev,1,81792469860369,train,fsd50k/FSD50K.dev_audio/121649.wav,real
el:WHSH:81792469860369,synth,WHSH,other,elevenlabs,elevenlabs,synth,generated,fsd:dev:WHSH:121649,gen,1,81792469860369,train,synth/el_pairs/WHSH/81792469860369.mp3,elevenlabs
fsd:dev:WHSH:121650,real,WHSH,whoosh,fsd50k,real,real,fsd50k,121650,dev,1,96347091912593,train,fsd50k/FSD50K.dev_audio/121650.wav,real
el:WHSH:96347091912593,synth,WHSH,other,elevenlabs,elevenlabs,synth,generated,fsd:dev:WHSH:121650,gen,1,96347091912593,train,synth/el_pairs/WHSH/96347091912593.mp3,elevenlabs
fsd:dev:WHSH:121651,real,WHSH,whoosh,fsd50k,real,real,fsd50k,121651,dev,1,125717374043266,train,fsd50k/FSD50K.dev_audio/121651.wav,real
el:WHSH:125717374043266,synth,WHSH,other,elevenlabs,elevenlabs,synth,generated,fsd:dev:WHSH:121651,gen,1,125717374043266,train,synth/el_pairs/WHSH/125717374043266.mp3,elevenlabs
fsd:dev:WHSH:121652,real,WHSH,whoosh,fsd50k,real,real,fsd50k,121652,dev,1,43254414492574,train,fsd50k/FSD50K.dev_audio/121652.wav,real
el:WHSH:43254414492574,synth,WHSH,other,elevenlabs,elevenlabs,synth,generated,fsd:dev:WHSH:121652,gen,1,43254414492574,train,synth/el_pairs/WHSH/43254414492574.mp3,elevenlabs
fsd:dev:WHSH:121653,real,WHSH,whoosh,fsd50k,real,real,fsd50k,121653,dev,1,260327704045337,train,fsd50k/FSD50K.dev_audio/121653.wav,real
el:WHSH:260327704045337,synth,WHSH,other,elevenlabs,elevenlabs,synth,generated,fsd:dev:WHSH:121653,gen,1,260327704045337,train,synth/el_pairs/WHSH/260327704045337.mp3,elevenlabs
fsd:dev:WHSH:121730,real,WHSH,whoosh,fsd50k,real,real,fsd50k,121730,dev,1,275665948857068,train,fsd50k/FSD50K.dev_audio/121730.wav,real
el:WHSH:275665948857068,synth,WHSH,other,elevenlabs,elevenlabs,synth,generated,fsd:dev:WHSH:121730,gen,1,275665948857068,train,synth/el_pairs/WHSH/275665948857068.mp3,elevenlabs
fsd:dev:WHSH:121735,real,WHSH,whoosh,fsd50k,real,real,fsd50k,121735,dev,1,105037738866685,train,fsd50k/FSD50K.dev_audio/121735.wav,real
el:WHSH:105037738866685,synth,WHSH,other,elevenlabs,elevenlabs,synth,generated,fsd:dev:WHSH:121735,gen,1,105037738866685,train,synth/el_pairs/WHSH/105037738866685.mp3,elevenlabs
fsd:dev:WHSH:121736,real,WHSH,whoosh,fsd50k,real,real,fsd50k,121736,dev,1,52284276185005,train,fsd50k/FSD50K.dev_audio/121736.wav,real
el:WHSH:52284276185005,synth,WHSH,other,elevenlabs,elevenlabs,synth,generated,fsd:dev:WHSH:121736,gen,1,52284276185005,train,synth/el_pairs/WHSH/52284276185005.mp3,elevenlabs
fsd:dev:WHSH:121738,real,WHSH,whoosh,fsd50k,real,real,fsd50k,121738,dev,1,152926085863329,train,fsd50k/FSD50K.dev_audio/121738.wav,real
el:WHSH:152926085863329,synth,WHSH,other,elevenlabs,elevenlabs,synth,generated,fsd:dev:WHSH:121738,gen,1,152926085863329,train,synth/el_pairs/WHSH/152926085863329.mp3,elevenlabs
fsd:dev:WHSH:121739,real,WHSH,whoosh,fsd50k,real,real,fsd50k,121739,dev,1,125108928870396,train,fsd50k/FSD50K.dev_audio/121739.wav,real
el:WHSH:125108928870396,synth,WHSH,other,elevenlabs,elevenlabs,synth,generated,fsd:dev:WHSH:121739,gen,1,125108928870396,train,synth/el_pairs/WHSH/125108928870396.mp3,elevenlabs
fsd:dev:WHSH:121740,real,WHSH,whoosh,fsd50k,real,real,fsd50k,121740,dev,1,17785359409851,train,fsd50k/FSD50K.dev_audio/121740.wav,real
el:WHSH:17785359409851,synth,WHSH,other,elevenlabs,elevenlabs,synth,generated,fsd:dev:WHSH:121740,gen,1,17785359409851,train,synth/el_pairs/WHSH/17785359409851.mp3,elevenlabs
fsd:dev:WHSH:121741,real,WHSH,whoosh,fsd50k,real,real,fsd50k,121741,dev,1,210758509175917,train,fsd50k/FSD50K.dev_audio/121741.wav,real
el:WHSH:210758509175917,synth,WHSH,other,elevenlabs,elevenlabs,synth,generated,fsd:dev:WHSH:121741,gen,1,210758509175917,train,synth/el_pairs/WHSH/210758509175917.mp3,elevenlabs
fsd:dev:WHSH:121742,real,WHSH,whoosh,fsd50k,real,real,fsd50k,121742,dev,1,114174803366911,train,fsd50k/FSD50K.dev_audio/121742.wav,real
el:WHSH:114174803366911,synth,WHSH,other,elevenlabs,elevenlabs,synth,generated,fsd:dev:WHSH:121742,gen,1,114174803366911,train,synth/el_pairs/WHSH/114174803366911.mp3,elevenlabs
fsd:dev:WHSH:1255,real,WHSH,whoosh,fsd50k,real,real,fsd50k,1255,dev,1,209085453129783,val,fsd50k/FSD50K.dev_audio/1255.wav,real
el:WHSH:209085453129783,synth,WHSH,other,elevenlabs,elevenlabs,synth,generated,fsd:dev:WHSH:1255,gen,1,209085453129783,val,synth/el_pairs/WHSH/209085453129783.mp3,elevenlabs
fsd:dev:WHSH:125612,real,WHSH,whoosh,fsd50k,real,real,fsd50k,125612,dev,1,82014423176662,train,fsd50k/FSD50K.dev_audio/125612.wav,real
el:WHSH:82014423176662,synth,WHSH,other,elevenlabs,elevenlabs,synth,generated,fsd:dev:WHSH:125612,gen,1,82014423176662,train,synth/el_pairs/WHSH/82014423176662.mp3,elevenlabs
fsd:dev:WHSH:126369,real,WHSH,whoosh,fsd50k,real,real,fsd50k,126369,dev,1,28527233761073,val,fsd50k/FSD50K.dev_audio/126369.wav,real
el:WHSH:28527233761073,synth,WHSH,other,elevenlabs,elevenlabs,synth,generated,fsd:dev:WHSH:126369,gen,1,28527233761073,val,synth/el_pairs/WHSH/28527233761073.mp3,elevenlabs
fsd:dev:WHSH:126370,real,WHSH,whoosh,fsd50k,real,real,fsd50k,126370,dev,1,147553875884217,val,fsd50k/FSD50K.dev_audio/126370.wav,real
el:WHSH:147553875884217,synth,WHSH,other,elevenlabs,elevenlabs,synth,generated,fsd:dev:WHSH:126370,gen,1,147553875884217,val,synth/el_pairs/WHSH/147553875884217.mp3,elevenlabs
fsd:dev:WIND:104078,real,WIND,texture,fsd50k,real,real,fsd50k,104078,dev,1,75997956330940,train,fsd50k/FSD50K.dev_audio/104078.wav,real
el:WIND:75997956330940,synth,WIND,other,elevenlabs,elevenlabs,synth,generated,fsd:dev:WIND:104078,gen,1,75997956330940,train,synth/el_pairs/WIND/75997956330940.mp3,elevenlabs
fsd:dev:WIND:104517,real,WIND,texture,fsd50k,real,real,fsd50k,104517,dev,1,68375038683316,train,fsd50k/FSD50K.dev_audio/104517.wav,real
el:WIND:68375038683316,synth,WIND,other,elevenlabs,elevenlabs,synth,generated,fsd:dev:WIND:104517,gen,1,68375038683316,train,synth/el_pairs/WIND/68375038683316.mp3,elevenlabs
fsd:dev:WIND:106801,real,WIND,texture,fsd50k,real,real,fsd50k,106801,dev,1,96678417862217,train,fsd50k/FSD50K.dev_audio/106801.wav,real
el:WIND:96678417862217,synth,WIND,other,elevenlabs,elevenlabs,synth,generated,fsd:dev:WIND:106801,gen,1,96678417862217,train,synth/el_pairs/WIND/96678417862217.mp3,elevenlabs
fsd:dev:WIND:109291,real,WIND,texture,fsd50k,real,real,fsd50k,109291,dev,1,206331975376508,train,fsd50k/FSD50K.dev_audio/109291.wav,real
el:WIND:206331975376508,synth,WIND,other,elevenlabs,elevenlabs,synth,generated,fsd:dev:WIND:109291,gen,1,206331975376508,train,synth/el_pairs/WIND/206331975376508.mp3,elevenlabs
fsd:dev:WIND:115759,real,WIND,texture,fsd50k,real,real,fsd50k,115759,dev,1,237229623771226,train,fsd50k/FSD50K.dev_audio/115759.wav,real
el:WIND:237229623771226,synth,WIND,other,elevenlabs,elevenlabs,synth,generated,fsd:dev:WIND:115759,gen,1,237229623771226,train,synth/el_pairs/WIND/237229623771226.mp3,elevenlabs
fsd:dev:WIND:121940,real,WIND,texture,fsd50k,real,real,fsd50k,121940,dev,1,139566926747764,train,fsd50k/FSD50K.dev_audio/121940.wav,real
el:WIND:139566926747764,synth,WIND,other,elevenlabs,elevenlabs,synth,generated,fsd:dev:WIND:121940,gen,1,139566926747764,train,synth/el_pairs/WIND/139566926747764.mp3,elevenlabs
fsd:dev:WIND:129427,real,WIND,texture,fsd50k,real,real,fsd50k,129427,dev,1,100020347842773,train,fsd50k/FSD50K.dev_audio/129427.wav,real
el:WIND:100020347842773,synth,WIND,other,elevenlabs,elevenlabs,synth,generated,fsd:dev:WIND:129427,gen,1,100020347842773,train,synth/el_pairs/WIND/100020347842773.mp3,elevenlabs
fsd:dev:WIND:129429,real,WIND,texture,fsd50k,real,real,fsd50k,129429,dev,1,96009787101573,train,fsd50k/FSD50K.dev_audio/129429.wav,real
el:WIND:96009787101573,synth,WIND,other,elevenlabs,elevenlabs,synth,generated,fsd:dev:WIND:129429,gen,1,96009787101573,train,synth/el_pairs/WIND/96009787101573.mp3,elevenlabs
fsd:dev:WIND:135780,real,WIND,texture,fsd50k,real,real,fsd50k,135780,dev,1,76153779091341,train,fsd50k/FSD50K.dev_audio/135780.wav,real
el:WIND:76153779091341,synth,WIND,other,elevenlabs,elevenlabs,synth,generated,fsd:dev:WIND:135780,gen,1,76153779091341,train,synth/el_pairs/WIND/76153779091341.mp3,elevenlabs
fsd:dev:WIND:145230,real,WIND,texture,fsd50k,real,real,fsd50k,145230,dev,1,107727353960422,train,fsd50k/FSD50K.dev_audio/145230.wav,real
el:WIND:107727353960422,synth,WIND,other,elevenlabs,elevenlabs,synth,generated,fsd:dev:WIND:145230,gen,1,107727353960422,train,synth/el_pairs/WIND/107727353960422.mp3,elevenlabs
fsd:dev:WIND:151853,real,WIND,texture,fsd50k,real,real,fsd50k,151853,dev,1,135070840227288,train,fsd50k/FSD50K.dev_audio/151853.wav,real
el:WIND:135070840227288,synth,WIND,other,elevenlabs,elevenlabs,synth,generated,fsd:dev:WIND:151853,gen,1,135070840227288,train,synth/el_pairs/WIND/135070840227288.mp3,elevenlabs
fsd:dev:WIND:152980,real,WIND,texture,fsd50k,real,real,fsd50k,152980,dev,1,183056808754457,train,fsd50k/FSD50K.dev_audio/152980.wav,real
el:WIND:183056808754457,synth,WIND,other,elevenlabs,elevenlabs,synth,generated,fsd:dev:WIND:152980,gen,1,183056808754457,train,synth/el_pairs/WIND/183056808754457.mp3,elevenlabs
fsd:dev:WIND:153412,real,WIND,texture,fsd50k,real,real,fsd50k,153412,dev,1,202492621939234,train,fsd50k/FSD50K.dev_audio/153412.wav,real
el:WIND:202492621939234,synth,WIND,other,elevenlabs,elevenlabs,synth,generated,fsd:dev:WIND:153412,gen,1,202492621939234,train,synth/el_pairs/WIND/202492621939234.mp3,elevenlabs
fsd:dev:WIND:162252,real,WIND,texture,fsd50k,real,real,fsd50k,162252,dev,1,111463923455259,train,fsd50k/FSD50K.dev_audio/162252.wav,real
el:WIND:111463923455259,synth,WIND,other,elevenlabs,elevenlabs,synth,generated,fsd:dev:WIND:162252,gen,1,111463923455259,train,synth/el_pairs/WIND/111463923455259.mp3,elevenlabs
fsd:dev:WIND:165345,real,WIND,texture,fsd50k,real,real,fsd50k,165345,dev,1,241931725783566,val,fsd50k/FSD50K.dev_audio/165345.wav,real
el:WIND:241931725783566,synth,WIND,other,elevenlabs,elevenlabs,synth,generated,fsd:dev:WIND:165345,gen,1,241931725783566,val,synth/el_pairs/WIND/241931725783566.mp3,elevenlabs
fsd:dev:WIND:175231,real,WIND,texture,fsd50k,real,real,fsd50k,175231,dev,1,23816933644469,train,fsd50k/FSD50K.dev_audio/175231.wav,real
el:WIND:23816933644469,synth,WIND,other,elevenlabs,elevenlabs,synth,generated,fsd:dev:WIND:175231,gen,1,23816933644469,train,synth/el_pairs/WIND/23816933644469.mp3,elevenlabs
fsd:dev:WIND:175232,real,WIND,texture,fsd50k,real,real,fsd50k,175232,dev,1,256843328459144,train,fsd50k/FSD50K.dev_audio/175232.wav,real
el:WIND:256843328459144,synth,WIND,other,elevenlabs,elevenlabs,synth,generated,fsd:dev:WIND:175232,gen,1,256843328459144,train,synth/el_pairs/WIND/256843328459144.mp3,elevenlabs
fsd:dev:WIND:175428,real,WIND,texture,fsd50k,real,real,fsd50k,175428,dev,1,108797466767767,val,fsd50k/FSD50K.dev_audio/175428.wav,real
el:WIND:108797466767767,synth,WIND,other,elevenlabs,elevenlabs,synth,generated,fsd:dev:WIND:175428,gen,1,108797466767767,val,synth/el_pairs/WIND/108797466767767.mp3,elevenlabs
fsd:dev:WIND:17607,real,WIND,texture,fsd50k,real,real,fsd50k,17607,dev,1,220610063816405,val,fsd50k/FSD50K.dev_audio/17607.wav,real
el:WIND:220610063816405,synth,WIND,other,elevenlabs,elevenlabs,synth,generated,fsd:dev:WIND:17607,gen,1,220610063816405,val,synth/el_pairs/WIND/220610063816405.mp3,elevenlabs
fsd:dev:WIND:179899,real,WIND,texture,fsd50k,real,real,fsd50k,179899,dev,1,88226501914110,train,fsd50k/FSD50K.dev_audio/179899.wav,real
el:WIND:88226501914110,synth,WIND,other,elevenlabs,elevenlabs,synth,generated,fsd:dev:WIND:179899,gen,1,88226501914110,train,synth/el_pairs/WIND/88226501914110.mp3,elevenlabs
fsd:dev:WOOD:104003,real,WOOD,transient,fsd50k,real,real,fsd50k,104003,dev,1,59986841217722,train,fsd50k/FSD50K.dev_audio/104003.wav,real
el:WOOD:59986841217722,synth,WOOD,other,elevenlabs,elevenlabs,synth,generated,fsd:dev:WOOD:104003,gen,1,59986841217722,train,synth/el_pairs/WOOD/59986841217722.mp3,elevenlabs
fsd:dev:WOOD:104006,real,WOOD,transient,fsd50k,real,real,fsd50k,104006,dev,1,44742057050563,train,fsd50k/FSD50K.dev_audio/104006.wav,real
el:WOOD:44742057050563,synth,WOOD,other,elevenlabs,elevenlabs,synth,generated,fsd:dev:WOOD:104006,gen,1,44742057050563,train,synth/el_pairs/WOOD/44742057050563.mp3,elevenlabs
fsd:dev:WOOD:109359,real,WOOD,transient,fsd50k,real,real,fsd50k,109359,dev,1,53693034564870,train,fsd50k/FSD50K.dev_audio/109359.wav,real
el:WOOD:53693034564870,synth,WOOD,other,elevenlabs,elevenlabs,synth,generated,fsd:dev:WOOD:109359,gen,1,53693034564870,train,synth/el_pairs/WOOD/53693034564870.mp3,elevenlabs
fsd:dev:WOOD:114230,real,WOOD,transient,fsd50k,real,real,fsd50k,114230,dev,1,263103184836883,train,fsd50k/FSD50K.dev_audio/114230.wav,real
el:WOOD:263103184836883,synth,WOOD,other,elevenlabs,elevenlabs,synth,generated,fsd:dev:WOOD:114230,gen,1,263103184836883,train,synth/el_pairs/WOOD/263103184836883.mp3,elevenlabs
fsd:dev:WOOD:114231,real,WOOD,transient,fsd50k,real,real,fsd50k,114231,dev,1,109910717060793,train,fsd50k/FSD50K.dev_audio/114231.wav,real
el:WOOD:109910717060793,synth,WOOD,other,elevenlabs,elevenlabs,synth,generated,fsd:dev:WOOD:114231,gen,1,109910717060793,train,synth/el_pairs/WOOD/109910717060793.mp3,elevenlabs
fsd:dev:WOOD:114232,real,WOOD,transient,fsd50k,real,real,fsd50k,114232,dev,1,61329738574629,train,fsd50k/FSD50K.dev_audio/114232.wav,real
el:WOOD:61329738574629,synth,WOOD,other,elevenlabs,elevenlabs,synth,generated,fsd:dev:WOOD:114232,gen,1,61329738574629,train,synth/el_pairs/WOOD/61329738574629.mp3,elevenlabs
fsd:dev:WOOD:114233,real,WOOD,transient,fsd50k,real,real,fsd50k,114233,dev,1,159598084410082,train,fsd50k/FSD50K.dev_audio/114233.wav,real
el:WOOD:159598084410082,synth,WOOD,other,elevenlabs,elevenlabs,synth,generated,fsd:dev:WOOD:114233,gen,1,159598084410082,train,synth/el_pairs/WOOD/159598084410082.mp3,elevenlabs
fsd:dev:WOOD:114234,real,WOOD,transient,fsd50k,real,real,fsd50k,114234,dev,1,35347450042955,train,fsd50k/FSD50K.dev_audio/114234.wav,real
fsd:dev:WOOD:114235,real,WOOD,transient,fsd50k,real,real,fsd50k,114235,dev,1,139034018595296,train,fsd50k/FSD50K.dev_audio/114235.wav,real
el:WOOD:139034018595296,synth,WOOD,other,elevenlabs,elevenlabs,synth,generated,fsd:dev:WOOD:114235,gen,1,139034018595296,train,synth/el_pairs/WOOD/139034018595296.mp3,elevenlabs
fsd:dev:WOOD:114236,real,WOOD,transient,fsd50k,real,real,fsd50k,114236,dev,1,230873495788790,train,fsd50k/FSD50K.dev_audio/114236.wav,real
el:WOOD:230873495788790,synth,WOOD,other,elevenlabs,elevenlabs,synth,generated,fsd:dev:WOOD:114236,gen,1,230873495788790,train,synth/el_pairs/WOOD/230873495788790.mp3,elevenlabs
fsd:dev:WOOD:114237,real,WOOD,transient,fsd50k,real,real,fsd50k,114237,dev,1,270901317634390,train,fsd50k/FSD50K.dev_audio/114237.wav,real
el:WOOD:270901317634390,synth,WOOD,other,elevenlabs,elevenlabs,synth,generated,fsd:dev:WOOD:114237,gen,1,270901317634390,train,synth/el_pairs/WOOD/270901317634390.mp3,elevenlabs
fsd:dev:WOOD:114238,real,WOOD,transient,fsd50k,real,real,fsd50k,114238,dev,1,184121231547961,train,fsd50k/FSD50K.dev_audio/114238.wav,real
el:WOOD:184121231547961,synth,WOOD,other,elevenlabs,elevenlabs,synth,generated,fsd:dev:WOOD:114238,gen,1,184121231547961,train,synth/el_pairs/WOOD/184121231547961.mp3,elevenlabs
fsd:dev:WOOD:114239,real,WOOD,transient,fsd50k,real,real,fsd50k,114239,dev,1,50217393588018,train,fsd50k/FSD50K.dev_audio/114239.wav,real
el:WOOD:50217393588018,synth,WOOD,other,elevenlabs,elevenlabs,synth,generated,fsd:dev:WOOD:114239,gen,1,50217393588018,train,synth/el_pairs/WOOD/50217393588018.mp3,elevenlabs
fsd:dev:WOOD:114240,real,WOOD,transient,fsd50k,real,real,fsd50k,114240,dev,1,185145378059460,train,fsd50k/FSD50K.dev_audio/114240.wav,real
el:WOOD:185145378059460,synth,WOOD,other,elevenlabs,elevenlabs,synth,generated,fsd:dev:WOOD:114240,gen,1,185145378059460,train,synth/el_pairs/WOOD/185145378059460.mp3,elevenlabs
fsd:dev:WOOD:114241,real,WOOD,transient,fsd50k,real,real,fsd50k,114241,dev,1,258734552894776,train,fsd50k/FSD50K.dev_audio/114241.wav,real
el:WOOD:258734552894776,synth,WOOD,other,elevenlabs,elevenlabs,synth,generated,fsd:dev:WOOD:114241,gen,1,258734552894776,train,synth/el_pairs/WOOD/258734552894776.mp3,elevenlabs
fsd:dev:WOOD:114242,real,WOOD,transient,fsd50k,real,real,fsd50k,114242,dev,1,64063928110642,train,fsd50k/FSD50K.dev_audio/114242.wav,real
el:WOOD:64063928110642,synth,WOOD,other,elevenlabs,elevenlabs,synth,generated,fsd:dev:WOOD:114242,gen,1,64063928110642,train,synth/el_pairs/WOOD/64063928110642.mp3,elevenlabs
fsd:dev:WOOD:114244,real,WOOD,transient,fsd50k,real,real,fsd50k,114244,dev,1,204169545098775,train,fsd50k/FSD50K.dev_audio/114244.wav,real
el:WOOD:204169545098775,synth,WOOD,other,elevenlabs,elevenlabs,synth,generated,fsd:dev:WOOD:114244,gen,1,204169545098775,train,synth/el_pairs/WOOD/204169545098775.mp3,elevenlabs
fsd:dev:WOOD:114245,real,WOOD,transient,fsd50k,real,real,fsd50k,114245,dev,1,102313973028542,train,fsd50k/FSD50K.dev_audio/114245.wav,real
el:WOOD:102313973028542,synth,WOOD,other,elevenlabs,elevenlabs,synth,generated,fsd:dev:WOOD:114245,gen,1,102313973028542,train,synth/el_pairs/WOOD/102313973028542.mp3,elevenlabs
fsd:dev:WOOD:114246,real,WOOD,transient,fsd50k,real,real,fsd50k,114246,dev,1,100642363905667,train,fsd50k/FSD50K.dev_audio/114246.wav,real
el:WOOD:100642363905667,synth,WOOD,other,elevenlabs,elevenlabs,synth,generated,fsd:dev:WOOD:114246,gen,1,100642363905667,train,synth/el_pairs/WOOD/100642363905667.mp3,elevenlabs
fsd:dev:WOOD:132399,real,WOOD,transient,fsd50k,real,real,fsd50k,132399,dev,1,163259309171227,train,fsd50k/FSD50K.dev_audio/132399.wav,real
el:WOOD:163259309171227,synth,WOOD,other,elevenlabs,elevenlabs,synth,generated,fsd:dev:WOOD:132399,gen,1,163259309171227,train,synth/el_pairs/WOOD/163259309171227.mp3,elevenlabs
fsd:dev:WTHR:105296,real,WTHR,texture,fsd50k,real,real,fsd50k,105296,dev,1,140480381273558,train,fsd50k/FSD50K.dev_audio/105296.wav,real
el:WTHR:140480381273558,synth,WTHR,other,elevenlabs,elevenlabs,synth,generated,fsd:dev:WTHR:105296,gen,1,140480381273558,train,synth/el_pairs/WTHR/140480381273558.mp3,elevenlabs
fsd:dev:WTHR:105297,real,WTHR,texture,fsd50k,real,real,fsd50k,105297,dev,1,240174131626183,train,fsd50k/FSD50K.dev_audio/105297.wav,real
el:WTHR:240174131626183,synth,WTHR,other,elevenlabs,elevenlabs,synth,generated,fsd:dev:WTHR:105297,gen,1,240174131626183,train,synth/el_pairs/WTHR/240174131626183.mp3,elevenlabs
fsd:dev:WTHR:105298,real,WTHR,texture,fsd50k,real,real,fsd50k,105298,dev,1,179784558956478,train,fsd50k/FSD50K.dev_audio/105298.wav,real
el:WTHR:179784558956478,synth,WTHR,other,elevenlabs,elevenlabs,synth,generated,fsd:dev:WTHR:105298,gen,1,179784558956478,train,synth/el_pairs/WTHR/179784558956478.mp3,elevenlabs
fsd:dev:WTHR:105299,real,WTHR,texture,fsd50k,real,real,fsd50k,105299,dev,1,179882874058117,train,fsd50k/FSD50K.dev_audio/105299.wav,real
el:WTHR:179882874058117,synth,WTHR,other,elevenlabs,elevenlabs,synth,generated,fsd:dev:WTHR:105299,gen,1,179882874058117,train,synth/el_pairs/WTHR/179882874058117.mp3,elevenlabs
fsd:dev:WTHR:105303,real,WTHR,texture,fsd50k,real,real,fsd50k,105303,dev,1,158761938986732,train,fsd50k/FSD50K.dev_audio/105303.wav,real
el:WTHR:158761938986732,synth,WTHR,other,elevenlabs,elevenlabs,synth,generated,fsd:dev:WTHR:105303,gen,1,158761938986732,train,synth/el_pairs/WTHR/158761938986732.mp3,elevenlabs
fsd:dev:WTHR:105304,real,WTHR,texture,fsd50k,real,real,fsd50k,105304,dev,1,162427816729050,train,fsd50k/FSD50K.dev_audio/105304.wav,real
el:WTHR:162427816729050,synth,WTHR,other,elevenlabs,elevenlabs,synth,generated,fsd:dev:WTHR:105304,gen,1,162427816729050,train,synth/el_pairs/WTHR/162427816729050.mp3,elevenlabs
fsd:dev:WTHR:122089,real,WTHR,texture,fsd50k,real,real,fsd50k,122089,dev,1,269272337010435,train,fsd50k/FSD50K.dev_audio/122089.wav,real
el:WTHR:269272337010435,synth,WTHR,other,elevenlabs,elevenlabs,synth,generated,fsd:dev:WTHR:122089,gen,1,269272337010435,train,synth/el_pairs/WTHR/269272337010435.mp3,elevenlabs
fsd:dev:WTHR:122091,real,WTHR,texture,fsd50k,real,real,fsd50k,122091,dev,1,118353341485188,train,fsd50k/FSD50K.dev_audio/122091.wav,real
el:WTHR:118353341485188,synth,WTHR,other,elevenlabs,elevenlabs,synth,generated,fsd:dev:WTHR:122091,gen,1,118353341485188,train,synth/el_pairs/WTHR/118353341485188.mp3,elevenlabs
fsd:dev:WTHR:123358,real,WTHR,texture,fsd50k,real,real,fsd50k,123358,dev,1,206547900875936,train,fsd50k/FSD50K.dev_audio/123358.wav,real
el:WTHR:206547900875936,synth,WTHR,other,elevenlabs,elevenlabs,synth,generated,fsd:dev:WTHR:123358,gen,1,206547900875936,train,synth/el_pairs/WTHR/206547900875936.mp3,elevenlabs
fsd:dev:WTHR:123359,real,WTHR,texture,fsd50k,real,real,fsd50k,123359,dev,1,151446231468333,train,fsd50k/FSD50K.dev_audio/123359.wav,real
el:WTHR:151446231468333,synth,WTHR,other,elevenlabs,elevenlabs,synth,generated,fsd:dev:WTHR:123359,gen,1,151446231468333,train,synth/el_pairs/WTHR/151446231468333.mp3,elevenlabs
fsd:dev:WTHR:123360,real,WTHR,texture,fsd50k,real,real,fsd50k,123360,dev,1,129411292905968,train,fsd50k/FSD50K.dev_audio/123360.wav,real
el:WTHR:129411292905968,synth,WTHR,other,elevenlabs,elevenlabs,synth,generated,fsd:dev:WTHR:123360,gen,1,129411292905968,train,synth/el_pairs/WTHR/129411292905968.mp3,elevenlabs
fsd:dev:WTHR:124128,real,WTHR,texture,fsd50k,real,real,fsd50k,124128,dev,1,218841579896712,train,fsd50k/FSD50K.dev_audio/124128.wav,real
el:WTHR:218841579896712,synth,WTHR,other,elevenlabs,elevenlabs,synth,generated,fsd:dev:WTHR:124128,gen,1,218841579896712,train,synth/el_pairs/WTHR/218841579896712.mp3,elevenlabs
fsd:dev:WTHR:124129,real,WTHR,texture,fsd50k,real,real,fsd50k,124129,dev,1,199896942467258,train,fsd50k/FSD50K.dev_audio/124129.wav,real
el:WTHR:199896942467258,synth,WTHR,other,elevenlabs,elevenlabs,synth,generated,fsd:dev:WTHR:124129,gen,1,199896942467258,train,synth/el_pairs/WTHR/199896942467258.mp3,elevenlabs
fsd:dev:WTHR:125634,real,WTHR,texture,fsd50k,real,real,fsd50k,125634,dev,1,213410137770565,val,fsd50k/FSD50K.dev_audio/125634.wav,real
el:WTHR:213410137770565,synth,WTHR,other,elevenlabs,elevenlabs,synth,generated,fsd:dev:WTHR:125634,gen,1,213410137770565,val,synth/el_pairs/WTHR/213410137770565.mp3,elevenlabs
fsd:dev:WTHR:127862,real,WTHR,texture,fsd50k,real,real,fsd50k,127862,dev,1,200335624909346,train,fsd50k/FSD50K.dev_audio/127862.wav,real
el:WTHR:200335624909346,synth,WTHR,other,elevenlabs,elevenlabs,synth,generated,fsd:dev:WTHR:127862,gen,1,200335624909346,train,synth/el_pairs/WTHR/200335624909346.mp3,elevenlabs
fsd:dev:WTHR:128343,real,WTHR,texture,fsd50k,real,real,fsd50k,128343,dev,1,47637807580667,val,fsd50k/FSD50K.dev_audio/128343.wav,real
el:WTHR:47637807580667,synth,WTHR,other,elevenlabs,elevenlabs,synth,generated,fsd:dev:WTHR:128343,gen,1,47637807580667,val,synth/el_pairs/WTHR/47637807580667.mp3,elevenlabs
fsd:dev:WTHR:135104,real,WTHR,texture,fsd50k,real,real,fsd50k,135104,dev,1,84274586114044,val,fsd50k/FSD50K.dev_audio/135104.wav,real
el:WTHR:84274586114044,synth,WTHR,other,elevenlabs,elevenlabs,synth,generated,fsd:dev:WTHR:135104,gen,1,84274586114044,val,synth/el_pairs/WTHR/84274586114044.mp3,elevenlabs
fsd:dev:WTHR:135594,real,WTHR,texture,fsd50k,real,real,fsd50k,135594,dev,1,120363126486968,train,fsd50k/FSD50K.dev_audio/135594.wav,real
el:WTHR:120363126486968,synth,WTHR,other,elevenlabs,elevenlabs,synth,generated,fsd:dev:WTHR:135594,gen,1,120363126486968,train,synth/el_pairs/WTHR/120363126486968.mp3,elevenlabs
fsd:dev:WTHR:13585,real,WTHR,texture,fsd50k,real,real,fsd50k,13585,dev,1,260241845471711,train,fsd50k/FSD50K.dev_audio/13585.wav,real
el:WTHR:260241845471711,synth,WTHR,other,elevenlabs,elevenlabs,synth,generated,fsd:dev:WTHR:13585,gen,1,260241845471711,train,synth/el_pairs/WTHR/260241845471711.mp3,elevenlabs
fsd:dev:WTHR:151189,real,WTHR,texture,fsd50k,real,real,fsd50k,151189,dev,1,85493679248461,train,fsd50k/FSD50K.dev_audio/151189.wav,real
el:WTHR:85493679248461,synth,WTHR,other,elevenlabs,elevenlabs,synth,generated,fsd:dev:WTHR:151189,gen,1,85493679248461,train,synth/el_pairs/WTHR/85493679248461.mp3,elevenlabs
